doc_id,company_name,company_aliases,security_code,doc_source_type,report_title,report_date,fiscal_year,broker_name,major_industry,language,currency,exchange,board,market_type,industry_l1,industry_l2,has_pdfcrawl_metadata,source_manifest,source_file_path,pdf_url
600000_2024_20250329,浦发银行,浦发银行|600000,600000,annual_report,上海浦东发展银行股份有限公司2024年年度报告,2025-03-29,2024,,货币金融服务,zh,CNY,上海证券交易所,沪主板,A股,货币金融服务,货币金融服务,true,/media/main/lgd/llm/PDFCrawl/output/top10_industries_2024_20each/manifest.csv,/media/main/lgd/llm/PDFCrawl/output/top10_industries_2024_20each/pdfs/600000/2024/600000_2024_20250329.pdf,https://www.sse.com.cn/disclosure/listedinfo/announcement/c/new/2025-03-29/600000_20250329_1OTF.pdf
600007_2024_20250401,中国国贸,中国国贸|600007,600007,annual_report,中国国贸2024年年度报告,2025-04-01,2024,,房地产业,zh,CNY,上海证券交易所,沪主板,A股,房地产业,房地产业,true,/media/main/lgd/llm/PDFCrawl/output/top10_industries_2024_20each/manifest.csv,/media/main/lgd/llm/PDFCrawl/output/top10_industries_2024_20each/pdfs/600007/2024/600007_2024_20250401.pdf,https://www.sse.com.cn/disclosure/listedinfo/announcement/c/new/2025-04-01/600007_20250401_1R4H.pdf
600011_2024_20250326,华能国际,华能国际|600011,600011,annual_report,华能国际2024年年度报告全文,2025-03-26,2024,,电力、热力生产和供应业,zh,CNY,上海证券交易所,沪主板,A股,电力、热力生产和供应业,电力、热力生产和供应业,true,/media/main/lgd/llm/PDFCrawl/output/top10_industries_2024_20each/manifest.csv,/media/main/lgd/llm/PDFCrawl/output/top10_industries_2024_20each/pdfs/600011/2024/600011_2024_20250326.pdf,https://www.sse.com.cn/disclosure/listedinfo/announcement/c/new/2025-03-26/600011_20250326_5NGS.pdf
600016_2024_20250329,民生银行,民生银行|600016,600016,annual_report,中国民生银行2024年年度报告,2025-03-29,2024,,货币金融服务,zh,CNY,上海证券交易所,沪主板,A股,货币金融服务,货币金融服务,true,/media/main/lgd/llm/PDFCrawl/output/top10_industries_2024_20each/manifest.csv,/media/main/lgd/llm/PDFCrawl/output/top10_industries_2024_20each/pdfs/600016/2024/600016_2024_20250329.pdf,https://www.sse.com.cn/disclosure/listedinfo/announcement/c/new/2025-03-29/600016_20250329_05GS.pdf
600025_2024_20250425,华能水电,华能水电|600025,600025,annual_report,2024年年度报告,2025-04-25,2024,,电力、热力生产和供应业,zh,CNY,上海证券交易所,沪主板,A股,电力、热力生产和供应业,电力、热力生产和供应业,true,/media/main/lgd/llm/PDFCrawl/output/top10_industries_2024_20each/manifest.csv,/media/main/lgd/llm/PDFCrawl/output/top10_industries_2024_20each/pdfs/600025/2024/600025_2024_20250425.pdf,https://www.sse.com.cn/disclosure/listedinfo/announcement/c/new/2025-04-25/600025_20250425_QN7U.pdf
600027_2024_20250328,华电国际,华电国际|600027,600027,annual_report,2024年年度报告,2025-03-28,2024,,电力、热力生产和供应业,zh,CNY,上海证券交易所,沪主板,A股,电力、热力生产和供应业,电力、热力生产和供应业,true,/media/main/lgd/llm/PDFCrawl/output/top10_industries_2024_20each/manifest.csv,/media/main/lgd/llm/PDFCrawl/output/top10_industries_2024_20each/pdfs/600027/2024/600027_2024_20250328.pdf,https://www.sse.com.cn/disclosure/listedinfo/announcement/c/new/2025-03-28/600027_20250328_DNX4.pdf
600032_2024_20250422,浙江新能,浙江新能|600032,600032,annual_report,浙江新能2024年年度报告,2025-04-22,2024,,电力、热力生产和供应业,zh,CNY,上海证券交易所,沪主板,A股,电力、热力生产和供应业,电力、热力生产和供应业,true,/media/main/lgd/llm/PDFCrawl/output/top10_industries_2024_20each/manifest.csv,/media/main/lgd/llm/PDFCrawl/output/top10_industries_2024_20each/pdfs/600032/2024/600032_2024_20250422.pdf,https://www.sse.com.cn/disclosure/listedinfo/announcement/c/new/2025-04-22/600032_20250422_AVCC.pdf
600064_2024_20250423,南京高科,南京高科|600064,600064,annual_report,南京高科2024年年度报告,2025-04-23,2024,,房地产业,zh,CNY,上海证券交易所,沪主板,A股,房地产业,房地产业,true,/media/main/lgd/llm/PDFCrawl/output/top10_industries_2024_20each/manifest.csv,/media/main/lgd/llm/PDFCrawl/output/top10_industries_2024_20each/pdfs/600064/2024/600064_2024_20250423.pdf,https://www.sse.com.cn/disclosure/listedinfo/announcement/c/new/2025-04-23/600064_20250423_OBPU.pdf
600079_2024_20250429,人福医药,人福医药|600079,600079,annual_report,人福医药2024年年度报告,2025-04-29,2024,,医药制造业,zh,CNY,上海证券交易所,沪主板,A股,医药生物,医药制造,true,/media/main/lgd/llm/PDFCrawl/output/top10_industries_2024_20each/manifest.csv,/media/main/lgd/llm/PDFCrawl/output/top10_industries_2024_20each/pdfs/600079/2024/600079_2024_20250429.pdf,https://www.sse.com.cn/disclosure/listedinfo/announcement/c/new/2025-04-29/600079_20250429_A0ME.pdf
600094_2024_20250426,大名城,大名城|600094,600094,annual_report,大名城2024年年度报告,2025-04-26,2024,,房地产业,zh,CNY,上海证券交易所,沪主板,A股,房地产业,房地产业,true,/media/main/lgd/llm/PDFCrawl/output/top10_industries_2024_20each/manifest.csv,/media/main/lgd/llm/PDFCrawl/output/top10_industries_2024_20each/pdfs/600094/2024/600094_2024_20250426.pdf,https://www.sse.com.cn/disclosure/listedinfo/announcement/c/new/2025-04-26/600094_20250426_MWGA.pdf
600101_2024_20250328,明星电力,明星电力|600101,600101,annual_report,四川明星电力股份有限公司2024年年度报告,2025-03-28,2024,,电力、热力生产和供应业,zh,CNY,上海证券交易所,沪主板,A股,电力、热力生产和供应业,电力、热力生产和供应业,true,/media/main/lgd/llm/PDFCrawl/output/top10_industries_2024_20each/manifest.csv,/media/main/lgd/llm/PDFCrawl/output/top10_industries_2024_20each/pdfs/600101/2024/600101_2024_20250328.pdf,https://www.sse.com.cn/disclosure/listedinfo/announcement/c/new/2025-03-28/600101_20250328_RRTM.pdf
600131_2024_20250425,国网信通,国网信通|600131,600131,annual_report,国网信息通信股份有限公司2024年年度报告,2025-04-25,2024,,软件和信息技术服务业,zh,CNY,上海证券交易所,沪主板,A股,信息技术,软件服务,true,/media/main/lgd/llm/PDFCrawl/output/top10_industries_2024_20each/manifest.csv,/media/main/lgd/llm/PDFCrawl/output/top10_industries_2024_20each/pdfs/600131/2024/600131_2024_20250425.pdf,https://www.sse.com.cn/disclosure/listedinfo/announcement/c/new/2025-04-25/600131_20250425_ZGCY.pdf
600149_2024_20250426,廊坊发展,廊坊发展|600149,600149,annual_report,廊坊发展股份有限公司2024年年度报告全文,2025-04-26,2024,,电力、热力生产和供应业,zh,CNY,上海证券交易所,沪主板,A股,电力、热力生产和供应业,电力、热力生产和供应业,true,/media/main/lgd/llm/PDFCrawl/output/top10_industries_2024_20each/manifest.csv,/media/main/lgd/llm/PDFCrawl/output/top10_industries_2024_20each/pdfs/600149/2024/600149_2024_20250426.pdf,https://www.sse.com.cn/disclosure/listedinfo/announcement/c/new/2025-04-26/600149_20250426_751L.pdf
600157_2024_20250429,永泰能源,永泰能源|600157,600157,annual_report,永泰能源集团股份有限公司2024年年度报告,2025-04-29,2024,,电力、热力生产和供应业,zh,CNY,上海证券交易所,沪主板,A股,电力、热力生产和供应业,电力、热力生产和供应业,true,/media/main/lgd/llm/PDFCrawl/output/top10_industries_2024_20each/manifest.csv,/media/main/lgd/llm/PDFCrawl/output/top10_industries_2024_20each/pdfs/600157/2024/600157_2024_20250429.pdf,https://www.sse.com.cn/disclosure/listedinfo/announcement/c/new/2025-04-29/600157_20250429_VUA4.pdf
600160_2024_20250425,巨化股份,巨化股份|600160,600160,annual_report,巨化股份2024年年度报告,2025-04-25,2024,,化学原料和化学制品制造业,zh,CNY,上海证券交易所,沪主板,A股,化学原料和化学制品制造业,化学原料和化学制品制造业,true,/media/main/lgd/llm/PDFCrawl/output/top10_industries_2024_20each/manifest.csv,/media/main/lgd/llm/PDFCrawl/output/top10_industries_2024_20each/pdfs/600160/2024/600160_2024_20250425.pdf,https://www.sse.com.cn/disclosure/listedinfo/announcement/c/new/2025-04-25/600160_20250425_M5WL.pdf
600162_2024_20250419,香江控股,香江控股|600162,600162,annual_report,香江控股2024年年度报告全文,2025-04-19,2024,,房地产业,zh,CNY,上海证券交易所,沪主板,A股,房地产业,房地产业,true,/media/main/lgd/llm/PDFCrawl/output/top10_industries_2024_20each/manifest.csv,/media/main/lgd/llm/PDFCrawl/output/top10_industries_2024_20each/pdfs/600162/2024/600162_2024_20250419.pdf,https://www.sse.com.cn/disclosure/listedinfo/announcement/c/new/2025-04-19/600162_20250419_I1H6.pdf
600165_2024_20250315,*ST宁科,*ST宁科|600165,600165,annual_report,*ST宁科2024年年度报告,2025-03-15,2024,,化学原料和化学制品制造业,zh,CNY,上海证券交易所,沪主板,A股,化学原料和化学制品制造业,化学原料和化学制品制造业,true,/media/main/lgd/llm/PDFCrawl/output/top10_industries_2024_20each/manifest.csv,/media/main/lgd/llm/PDFCrawl/output/top10_industries_2024_20each/pdfs/600165/2024/600165_2024_20250315.pdf,https://www.sse.com.cn/disclosure/listedinfo/announcement/c/new/2025-03-15/600165_20250315_GMF6.pdf
600222_2024_20250409,太龙药业,太龙药业|600222,600222,annual_report,太龙药业2024年年度报告,2025-04-09,2024,,医药制造业,zh,CNY,上海证券交易所,沪主板,A股,医药生物,医药制造,true,/media/main/lgd/llm/PDFCrawl/output/top10_industries_2024_20each/manifest.csv,/media/main/lgd/llm/PDFCrawl/output/top10_industries_2024_20each/pdfs/600222/2024/600222_2024_20250409.pdf,https://www.sse.com.cn/disclosure/listedinfo/announcement/c/new/2025-04-09/600222_20250409_R8ON.pdf
600223_2024_20250322,福瑞达,福瑞达|600223,600223,annual_report,鲁商福瑞达医药股份有限公司2024年年度报告,2025-03-22,2024,,化学原料和化学制品制造业,zh,CNY,上海证券交易所,沪主板,A股,化学原料和化学制品制造业,化学原料和化学制品制造业,true,/media/main/lgd/llm/PDFCrawl/output/top10_industries_2024_20each/manifest.csv,/media/main/lgd/llm/PDFCrawl/output/top10_industries_2024_20each/pdfs/600223/2024/600223_2024_20250322.pdf,https://www.sse.com.cn/disclosure/listedinfo/announcement/c/new/2025-03-22/600223_20250322_J3ZZ.pdf
600239_2024_20250422,云南城投,云南城投|600239,600239,annual_report,云南城投置业股份有限公司2024年年度报告,2025-04-22,2024,,房地产业,zh,CNY,上海证券交易所,沪主板,A股,房地产业,房地产业,true,/media/main/lgd/llm/PDFCrawl/output/top10_industries_2024_20each/manifest.csv,/media/main/lgd/llm/PDFCrawl/output/top10_industries_2024_20each/pdfs/600239/2024/600239_2024_20250422.pdf,https://www.sse.com.cn/disclosure/listedinfo/announcement/c/new/2025-04-22/600239_20250422_S0SJ.pdf
600246_2024_20250430,万通发展,万通发展|600246,600246,annual_report,2024年年度报告,2025-04-30,2024,,房地产业,zh,CNY,上海证券交易所,沪主板,A股,房地产业,房地产业,true,/media/main/lgd/llm/PDFCrawl/output/top10_industries_2024_20each/manifest.csv,/media/main/lgd/llm/PDFCrawl/output/top10_industries_2024_20each/pdfs/600246/2024/600246_2024_20250430.pdf,https://www.sse.com.cn/disclosure/listedinfo/announcement/c/new/2025-04-30/600246_20250430_P030.pdf
600280_2024_20250425,中央商场,中央商场|600280,600280,annual_report,南京中央商场（集团）股份有限公司2024年年度报告,2025-04-25,2024,,零售业,zh,CNY,上海证券交易所,沪主板,A股,零售业,零售业,true,/media/main/lgd/llm/PDFCrawl/output/top10_industries_2024_20each/manifest.csv,/media/main/lgd/llm/PDFCrawl/output/top10_industries_2024_20each/pdfs/600280/2024/600280_2024_20250425.pdf,https://www.sse.com.cn/disclosure/listedinfo/announcement/c/new/2025-04-25/600280_20250425_88RK.pdf
600303_2024_20250411,ST 曙光,ST 曙光|600303,600303,annual_report,ST曙光2024年年度报告,2025-04-11,2024,,汽车制造业,zh,CNY,上海证券交易所,沪主板,A股,汽车,汽车零部件,true,/media/main/lgd/llm/PDFCrawl/output/top10_industries_2024_20each/manifest.csv,/media/main/lgd/llm/PDFCrawl/output/top10_industries_2024_20each/pdfs/600303/2024/600303_2024_20250411.pdf,https://www.sse.com.cn/disclosure/listedinfo/announcement/c/new/2025-04-11/600303_20250411_G33N.pdf
600363_2024_20250429,联创光电,联创光电|600363,600363,annual_report,2024年年度报告,2025-04-29,2024,,计算机、通信和其他电子设备制造业,zh,CNY,上海证券交易所,沪主板,A股,电子,电子制造,true,/media/main/lgd/llm/PDFCrawl/output/top10_industries_2024_20each/manifest.csv,/media/main/lgd/llm/PDFCrawl/output/top10_industries_2024_20each/pdfs/600363/2024/600363_2024_20250429.pdf,https://www.sse.com.cn/disclosure/listedinfo/announcement/c/new/2025-04-29/600363_20250429_K7BD.pdf
600376_2024_20250423,首开股份,首开股份|600376,600376,annual_report,首开股份2024年年度报告,2025-04-23,2024,,房地产业,zh,CNY,上海证券交易所,沪主板,A股,房地产业,房地产业,true,/media/main/lgd/llm/PDFCrawl/output/top10_industries_2024_20each/manifest.csv,/media/main/lgd/llm/PDFCrawl/output/top10_industries_2024_20each/pdfs/600376/2024/600376_2024_20250423.pdf,https://www.sse.com.cn/disclosure/listedinfo/announcement/c/new/2025-04-23/600376_20250423_TR9O.pdf
600378_2024_20250430,昊华科技,昊华科技|600378,600378,annual_report,昊华科技2024年年度报告,2025-04-30,2024,,化学原料和化学制品制造业,zh,CNY,上海证券交易所,沪主板,A股,化学原料和化学制品制造业,化学原料和化学制品制造业,true,/media/main/lgd/llm/PDFCrawl/output/top10_industries_2024_20each/manifest.csv,/media/main/lgd/llm/PDFCrawl/output/top10_industries_2024_20each/pdfs/600378/2024/600378_2024_20250430.pdf,https://www.sse.com.cn/disclosure/listedinfo/announcement/c/new/2025-04-30/600378_20250430_YD2O.pdf
600383_2024_20250325,金地集团,金地集团|600383,600383,annual_report,公司2024年年度报告,2025-03-25,2024,,房地产业,zh,CNY,上海证券交易所,沪主板,A股,房地产业,房地产业,true,/media/main/lgd/llm/PDFCrawl/output/top10_industries_2024_20each/manifest.csv,/media/main/lgd/llm/PDFCrawl/output/top10_industries_2024_20each/pdfs/600383/2024/600383_2024_20250325.pdf,https://www.sse.com.cn/disclosure/listedinfo/announcement/c/new/2025-03-25/600383_20250325_92R6.pdf
600389_2024_20250422,江山股份,江山股份|600389,600389,annual_report,江山股份2024年年度报告,2025-04-22,2024,,化学原料和化学制品制造业,zh,CNY,上海证券交易所,沪主板,A股,化学原料和化学制品制造业,化学原料和化学制品制造业,true,/media/main/lgd/llm/PDFCrawl/output/top10_industries_2024_20each/manifest.csv,/media/main/lgd/llm/PDFCrawl/output/top10_industries_2024_20each/pdfs/600389/2024/600389_2024_20250422.pdf,https://www.sse.com.cn/disclosure/listedinfo/announcement/c/new/2025-04-22/600389_20250422_7HC9.pdf
600396_2024_20250425,华电辽能,华电辽能|600396,600396,annual_report,2024年年度报告,2025-04-25,2024,,电力、热力生产和供应业,zh,CNY,上海证券交易所,沪主板,A股,电力、热力生产和供应业,电力、热力生产和供应业,true,/media/main/lgd/llm/PDFCrawl/output/top10_industries_2024_20each/manifest.csv,/media/main/lgd/llm/PDFCrawl/output/top10_industries_2024_20each/pdfs/600396/2024/600396_2024_20250425.pdf,https://www.sse.com.cn/disclosure/listedinfo/announcement/c/new/2025-04-25/600396_20250425_3QPI.pdf
600410_2024_20250426,华胜天成,华胜天成|600410,600410,annual_report,2024年年度报告,2025-04-26,2024,,软件和信息技术服务业,zh,CNY,上海证券交易所,沪主板,A股,信息技术,软件服务,true,/media/main/lgd/llm/PDFCrawl/output/top10_industries_2024_20each/manifest.csv,/media/main/lgd/llm/PDFCrawl/output/top10_industries_2024_20each/pdfs/600410/2024/600410_2024_20250426.pdf,https://www.sse.com.cn/disclosure/listedinfo/announcement/c/new/2025-04-26/600410_20250426_2QQ7.pdf
600418_2024_20250329,江淮汽车,江淮汽车|600418,600418,annual_report,江淮汽车2024年年度报告,2025-03-29,2024,,汽车制造业,zh,CNY,上海证券交易所,沪主板,A股,汽车,汽车零部件,true,/media/main/lgd/llm/PDFCrawl/output/top10_industries_2024_20each/manifest.csv,/media/main/lgd/llm/PDFCrawl/output/top10_industries_2024_20each/pdfs/600418/2024/600418_2024_20250329.pdf,https://www.sse.com.cn/disclosure/listedinfo/announcement/c/new/2025-03-29/600418_20250329_BKXV.pdf
600426_2024_20250329,华鲁恒升,华鲁恒升|600426,600426,annual_report,华鲁恒升2024年年度报告,2025-03-29,2024,,化学原料和化学制品制造业,zh,CNY,上海证券交易所,沪主板,A股,化学原料和化学制品制造业,化学原料和化学制品制造业,true,/media/main/lgd/llm/PDFCrawl/output/top10_industries_2024_20each/manifest.csv,/media/main/lgd/llm/PDFCrawl/output/top10_industries_2024_20each/pdfs/600426/2024/600426_2024_20250329.pdf,https://www.sse.com.cn/disclosure/listedinfo/announcement/c/new/2025-03-29/600426_20250329_L18P.pdf
600479_2024_20250429,千金药业,千金药业|600479,600479,annual_report,千金药业2024年年度报告,2025-04-29,2024,,医药制造业,zh,CNY,上海证券交易所,沪主板,A股,医药生物,医药制造,true,/media/main/lgd/llm/PDFCrawl/output/top10_industries_2024_20each/manifest.csv,/media/main/lgd/llm/PDFCrawl/output/top10_industries_2024_20each/pdfs/600479/2024/600479_2024_20250429.pdf,https://www.sse.com.cn/disclosure/listedinfo/announcement/c/new/2025-04-29/600479_20250429_E43F.pdf
600486_2024_20250325,扬农化工,扬农化工|600486,600486,annual_report,2024年年度报告,2025-03-25,2024,,化学原料和化学制品制造业,zh,CNY,上海证券交易所,沪主板,A股,化学原料和化学制品制造业,化学原料和化学制品制造业,true,/media/main/lgd/llm/PDFCrawl/output/top10_industries_2024_20each/manifest.csv,/media/main/lgd/llm/PDFCrawl/output/top10_industries_2024_20each/pdfs/600486/2024/600486_2024_20250325.pdf,https://www.sse.com.cn/disclosure/listedinfo/announcement/c/new/2025-03-25/600486_20250325_1CQJ.pdf
600488_2024_20250327,津药药业,津药药业|600488,600488,annual_report,津药药业股份有限公司2024年年度报告,2025-03-27,2024,,医药制造业,zh,CNY,上海证券交易所,沪主板,A股,医药生物,医药制造,true,/media/main/lgd/llm/PDFCrawl/output/top10_industries_2024_20each/manifest.csv,/media/main/lgd/llm/PDFCrawl/output/top10_industries_2024_20each/pdfs/600488/2024/600488_2024_20250327.pdf,https://www.sse.com.cn/disclosure/listedinfo/announcement/c/new/2025-03-27/600488_20250327_GBG5.pdf
600503_2024_20250426,华丽家族,华丽家族|600503,600503,annual_report,华丽家族股份有限公司2024年年度报告,2025-04-26,2024,,房地产业,zh,CNY,上海证券交易所,沪主板,A股,房地产业,房地产业,true,/media/main/lgd/llm/PDFCrawl/output/top10_industries_2024_20each/manifest.csv,/media/main/lgd/llm/PDFCrawl/output/top10_industries_2024_20each/pdfs/600503/2024/600503_2024_20250426.pdf,https://www.sse.com.cn/disclosure/listedinfo/announcement/c/new/2025-04-26/600503_20250426_DZO7.pdf
600515_2024_20250415,海南机场,海南机场|600515,600515,annual_report,海南机场设施股份有限公司2024年年度报告,2025-04-15,2024,,房地产业,zh,CNY,上海证券交易所,沪主板,A股,房地产业,房地产业,true,/media/main/lgd/llm/PDFCrawl/output/top10_industries_2024_20each/manifest.csv,/media/main/lgd/llm/PDFCrawl/output/top10_industries_2024_20each/pdfs/600515/2024/600515_2024_20250415.pdf,https://www.sse.com.cn/disclosure/listedinfo/announcement/c/new/2025-04-15/600515_20250415_2I0F.pdf
600518_2024_20250419,康美药业,康美药业|600518,600518,annual_report,康美药业2024年年度报告,2025-04-19,2024,,医药制造业,zh,CNY,上海证券交易所,沪主板,A股,医药生物,医药制造,true,/media/main/lgd/llm/PDFCrawl/output/top10_industries_2024_20each/manifest.csv,/media/main/lgd/llm/PDFCrawl/output/top10_industries_2024_20each/pdfs/600518/2024/600518_2024_20250419.pdf,https://www.sse.com.cn/disclosure/listedinfo/announcement/c/new/2025-04-19/600518_20250419_Q9W4.pdf
600526_2024_20250422,菲达环保,菲达环保|600526,600526,annual_report,浙江菲达环保科技股份有限公司2024年年度报告,2025-04-22,2024,,专用设备制造业,zh,CNY,上海证券交易所,沪主板,A股,专用设备制造业,专用设备制造业,true,/media/main/lgd/llm/PDFCrawl/output/top10_industries_2024_20each/manifest.csv,/media/main/lgd/llm/PDFCrawl/output/top10_industries_2024_20each/pdfs/600526/2024/600526_2024_20250422.pdf,https://www.sse.com.cn/disclosure/listedinfo/announcement/c/new/2025-04-22/600526_20250422_3ILK.pdf
600539_2024_20250426,狮头股份,狮头股份|600539,600539,annual_report,2024年年度报告,2025-04-26,2024,,零售业,zh,CNY,上海证券交易所,沪主板,A股,零售业,零售业,true,/media/main/lgd/llm/PDFCrawl/output/top10_industries_2024_20each/manifest.csv,/media/main/lgd/llm/PDFCrawl/output/top10_industries_2024_20each/pdfs/600539/2024/600539_2024_20250426.pdf,https://www.sse.com.cn/disclosure/listedinfo/announcement/c/new/2025-04-26/600539_20250426_3TXL.pdf
600587_2024_20250430,新华医疗,新华医疗|600587,600587,annual_report,新华医疗2024年年度报告,2025-04-30,2024,,专用设备制造业,zh,CNY,上海证券交易所,沪主板,A股,专用设备制造业,专用设备制造业,true,/media/main/lgd/llm/PDFCrawl/output/top10_industries_2024_20each/manifest.csv,/media/main/lgd/llm/PDFCrawl/output/top10_industries_2024_20each/pdfs/600587/2024/600587_2024_20250430.pdf,https://www.sse.com.cn/disclosure/listedinfo/announcement/c/new/2025-04-30/600587_20250430_5X67.pdf
600622_2024_20250430,光大嘉宝,光大嘉宝|600622,600622,annual_report,光大嘉宝股份有限公司2024年年度报告,2025-04-30,2024,,房地产业,zh,CNY,上海证券交易所,沪主板,A股,房地产业,房地产业,true,/media/main/lgd/llm/PDFCrawl/output/top10_industries_2024_20each/manifest.csv,/media/main/lgd/llm/PDFCrawl/output/top10_industries_2024_20each/pdfs/600622/2024/600622_2024_20250430.pdf,https://www.sse.com.cn/disclosure/listedinfo/announcement/c/new/2025-04-30/600622_20250430_OEZ7.pdf
600649_2024_20250329,城投控股,城投控股|600649,600649,annual_report,上海城投控股股份有限公司2024年年度报告,2025-03-29,2024,,房地产业,zh,CNY,上海证券交易所,沪主板,A股,房地产业,房地产业,true,/media/main/lgd/llm/PDFCrawl/output/top10_industries_2024_20each/manifest.csv,/media/main/lgd/llm/PDFCrawl/output/top10_industries_2024_20each/pdfs/600649/2024/600649_2024_20250329.pdf,https://www.sse.com.cn/disclosure/listedinfo/announcement/c/new/2025-03-29/600649_20250329_H1UR.pdf
600655_2024_20250325,豫园股份,豫园股份|600655,600655,annual_report,上海豫园旅游商城（集团）股份有限公司2024年年度报告,2025-03-25,2024,,零售业,zh,CNY,上海证券交易所,沪主板,A股,零售业,零售业,true,/media/main/lgd/llm/PDFCrawl/output/top10_industries_2024_20each/manifest.csv,/media/main/lgd/llm/PDFCrawl/output/top10_industries_2024_20each/pdfs/600655/2024/600655_2024_20250325.pdf,https://www.sse.com.cn/disclosure/listedinfo/announcement/c/new/2025-03-25/600655_20250325_JKUP.pdf
600665_2024_20250430,天地源,天地源|600665,600665,annual_report,天地源股份有限公司2024年年度报告,2025-04-30,2024,,房地产业,zh,CNY,上海证券交易所,沪主板,A股,房地产业,房地产业,true,/media/main/lgd/llm/PDFCrawl/output/top10_industries_2024_20each/manifest.csv,/media/main/lgd/llm/PDFCrawl/output/top10_industries_2024_20each/pdfs/600665/2024/600665_2024_20250430.pdf,https://www.sse.com.cn/disclosure/listedinfo/announcement/c/new/2025-04-30/600665_20250430_N497.pdf
600674_2024_20250412,川投能源,川投能源|600674,600674,annual_report,四川川投能源股份有限公司2024年年度报告,2025-04-12,2024,,电力、热力生产和供应业,zh,CNY,上海证券交易所,沪主板,A股,电力、热力生产和供应业,电力、热力生产和供应业,true,/media/main/lgd/llm/PDFCrawl/output/top10_industries_2024_20each/manifest.csv,/media/main/lgd/llm/PDFCrawl/output/top10_industries_2024_20each/pdfs/600674/2024/600674_2024_20250412.pdf,https://www.sse.com.cn/disclosure/listedinfo/announcement/c/new/2025-04-12/600674_20250412_FGV5.pdf
600675_2024_20250417,中华企业,中华企业|600675,600675,annual_report,中华企业股份有限公司2024年年度报告,2025-04-17,2024,,房地产业,zh,CNY,上海证券交易所,沪主板,A股,房地产业,房地产业,true,/media/main/lgd/llm/PDFCrawl/output/top10_industries_2024_20each/manifest.csv,/media/main/lgd/llm/PDFCrawl/output/top10_industries_2024_20each/pdfs/600675/2024/600675_2024_20250417.pdf,https://www.sse.com.cn/disclosure/listedinfo/announcement/c/new/2025-04-17/600675_20250417_PAGL.pdf
600683_2024_20250401,京投发展,京投发展|600683,600683,annual_report,京投发展股份有限公司2024年年度报告,2025-04-01,2024,,房地产业,zh,CNY,上海证券交易所,沪主板,A股,房地产业,房地产业,true,/media/main/lgd/llm/PDFCrawl/output/top10_industries_2024_20each/manifest.csv,/media/main/lgd/llm/PDFCrawl/output/top10_industries_2024_20each/pdfs/600683/2024/600683_2024_20250401.pdf,https://www.sse.com.cn/disclosure/listedinfo/announcement/c/new/2025-04-01/600683_20250401_4TE4.pdf
600684_2024_20250402,珠江股份,珠江股份|600684,600684,annual_report,2024年年度报告,2025-04-02,2024,,房地产业,zh,CNY,上海证券交易所,沪主板,A股,房地产业,房地产业,true,/media/main/lgd/llm/PDFCrawl/output/top10_industries_2024_20each/manifest.csv,/media/main/lgd/llm/PDFCrawl/output/top10_industries_2024_20each/pdfs/600684/2024/600684_2024_20250402.pdf,https://www.sse.com.cn/disclosure/listedinfo/announcement/c/new/2025-04-02/600684_20250402_2WW7.pdf
600697_2024_20250417,欧亚集团,欧亚集团|600697,600697,annual_report,长春欧亚集团股份有限公司2024年年度报告,2025-04-17,2024,,零售业,zh,CNY,上海证券交易所,沪主板,A股,零售业,零售业,true,/media/main/lgd/llm/PDFCrawl/output/top10_industries_2024_20each/manifest.csv,/media/main/lgd/llm/PDFCrawl/output/top10_industries_2024_20each/pdfs/600697/2024/600697_2024_20250417.pdf,https://www.sse.com.cn/disclosure/listedinfo/announcement/c/new/2025-04-17/600697_20250417_236V.pdf
600712_2024_20250328,南宁百货,南宁百货|600712,600712,annual_report,南宁百货大楼股份有限公司2024年年度报告,2025-03-28,2024,,零售业,zh,CNY,上海证券交易所,沪主板,A股,零售业,零售业,true,/media/main/lgd/llm/PDFCrawl/output/top10_industries_2024_20each/manifest.csv,/media/main/lgd/llm/PDFCrawl/output/top10_industries_2024_20each/pdfs/600712/2024/600712_2024_20250328.pdf,https://www.sse.com.cn/disclosure/listedinfo/announcement/c/new/2025-03-28/600712_20250328_5U9D.pdf
600714_2024_20250411,金瑞矿业,金瑞矿业|600714,600714,annual_report,青海金瑞矿业发展股份有限公司2024年年度报告,2025-04-11,2024,,化学原料和化学制品制造业,zh,CNY,上海证券交易所,沪主板,A股,化学原料和化学制品制造业,化学原料和化学制品制造业,true,/media/main/lgd/llm/PDFCrawl/output/top10_industries_2024_20each/manifest.csv,/media/main/lgd/llm/PDFCrawl/output/top10_industries_2024_20each/pdfs/600714/2024/600714_2024_20250411.pdf,https://www.sse.com.cn/disclosure/listedinfo/announcement/c/new/2025-04-11/600714_20250411_LNHO.pdf
600718_2024_20250429,东软集团,东软集团|600718,600718,annual_report,东软集团2024年年度报告,2025-04-29,2024,,软件和信息技术服务业,zh,CNY,上海证券交易所,沪主板,A股,信息技术,软件服务,true,/media/main/lgd/llm/PDFCrawl/output/top10_industries_2024_20each/manifest.csv,/media/main/lgd/llm/PDFCrawl/output/top10_industries_2024_20each/pdfs/600718/2024/600718_2024_20250429.pdf,https://www.sse.com.cn/disclosure/listedinfo/announcement/c/new/2025-04-29/600718_20250429_RJ9K.pdf
600729_2024_20250419,重庆百货,重庆百货|600729,600729,annual_report,重庆百货大楼股份有限公司2024年年度报告,2025-04-19,2024,,零售业,zh,CNY,上海证券交易所,沪主板,A股,零售业,零售业,true,/media/main/lgd/llm/PDFCrawl/output/top10_industries_2024_20each/manifest.csv,/media/main/lgd/llm/PDFCrawl/output/top10_industries_2024_20each/pdfs/600729/2024/600729_2024_20250419.pdf,https://www.sse.com.cn/disclosure/listedinfo/announcement/c/new/2025-04-19/600729_20250419_NAS0.pdf
600736_2024_20250426,苏州高新,苏州高新|600736,600736,annual_report,苏州高新2024年年度报告,2025-04-26,2024,,房地产业,zh,CNY,上海证券交易所,沪主板,A股,房地产业,房地产业,true,/media/main/lgd/llm/PDFCrawl/output/top10_industries_2024_20each/manifest.csv,/media/main/lgd/llm/PDFCrawl/output/top10_industries_2024_20each/pdfs/600736/2024/600736_2024_20250426.pdf,https://www.sse.com.cn/disclosure/listedinfo/announcement/c/new/2025-04-26/600736_20250426_PM52.pdf
600744_2024_20250424,华银电力,华银电力|600744,600744,annual_report,大唐华银电力股份有限公司2024年年度报告,2025-04-24,2024,,电力、热力生产和供应业,zh,CNY,上海证券交易所,沪主板,A股,电力、热力生产和供应业,电力、热力生产和供应业,true,/media/main/lgd/llm/PDFCrawl/output/top10_industries_2024_20each/manifest.csv,/media/main/lgd/llm/PDFCrawl/output/top10_industries_2024_20each/pdfs/600744/2024/600744_2024_20250424.pdf,https://www.sse.com.cn/disclosure/listedinfo/announcement/c/new/2025-04-24/600744_20250424_5BZ6.pdf
600750_2024_20250320,江中药业,江中药业|600750,600750,annual_report,江中药业2024年年度报告,2025-03-20,2024,,医药制造业,zh,CNY,上海证券交易所,沪主板,A股,医药生物,医药制造,true,/media/main/lgd/llm/PDFCrawl/output/top10_industries_2024_20each/manifest.csv,/media/main/lgd/llm/PDFCrawl/output/top10_industries_2024_20each/pdfs/600750/2024/600750_2024_20250320.pdf,https://www.sse.com.cn/disclosure/listedinfo/announcement/c/new/2025-03-20/600750_20250320_7GZ4.pdf
600756_2024_20250329,浪潮软件,浪潮软件|600756,600756,annual_report,浪潮软件2024年年度报告全文,2025-03-29,2024,,软件和信息技术服务业,zh,CNY,上海证券交易所,沪主板,A股,信息技术,软件服务,true,/media/main/lgd/llm/PDFCrawl/output/top10_industries_2024_20each/manifest.csv,/media/main/lgd/llm/PDFCrawl/output/top10_industries_2024_20each/pdfs/600756/2024/600756_2024_20250329.pdf,https://www.sse.com.cn/disclosure/listedinfo/announcement/c/new/2025-03-29/600756_20250329_AP10.pdf
600771_2024_20250425,广誉远,广誉远|600771,600771,annual_report,广誉远中药股份有限公司2024年年度报告,2025-04-25,2024,,医药制造业,zh,CNY,上海证券交易所,沪主板,A股,医药生物,医药制造,true,/media/main/lgd/llm/PDFCrawl/output/top10_industries_2024_20each/manifest.csv,/media/main/lgd/llm/PDFCrawl/output/top10_industries_2024_20each/pdfs/600771/2024/600771_2024_20250425.pdf,https://www.sse.com.cn/disclosure/listedinfo/announcement/c/new/2025-04-25/600771_20250425_NL2W.pdf
600780_2024_20250425,通宝能源,通宝能源|600780,600780,annual_report,山西通宝能源股份有限公司2024年年度报告,2025-04-25,2024,,电力、热力生产和供应业,zh,CNY,上海证券交易所,沪主板,A股,电力、热力生产和供应业,电力、热力生产和供应业,true,/media/main/lgd/llm/PDFCrawl/output/top10_industries_2024_20each/manifest.csv,/media/main/lgd/llm/PDFCrawl/output/top10_industries_2024_20each/pdfs/600780/2024/600780_2024_20250425.pdf,https://www.sse.com.cn/disclosure/listedinfo/announcement/c/new/2025-04-25/600780_20250425_NGIA.pdf
600791_2024_20250430,京能置业,京能置业|600791,600791,annual_report,京能置业股份有限公司2024年年度报告,2025-04-30,2024,,房地产业,zh,CNY,上海证券交易所,沪主板,A股,房地产业,房地产业,true,/media/main/lgd/llm/PDFCrawl/output/top10_industries_2024_20each/manifest.csv,/media/main/lgd/llm/PDFCrawl/output/top10_industries_2024_20each/pdfs/600791/2024/600791_2024_20250430.pdf,https://www.sse.com.cn/disclosure/listedinfo/announcement/c/new/2025-04-30/600791_20250430_925A.pdf
600814_2024_20250328,杭州解百,杭州解百|600814,600814,annual_report,杭州解百集团股份有限公司2024年年度报告,2025-03-28,2024,,零售业,zh,CNY,上海证券交易所,沪主板,A股,零售业,零售业,true,/media/main/lgd/llm/PDFCrawl/output/top10_industries_2024_20each/manifest.csv,/media/main/lgd/llm/PDFCrawl/output/top10_industries_2024_20each/pdfs/600814/2024/600814_2024_20250328.pdf,https://www.sse.com.cn/disclosure/listedinfo/announcement/c/new/2025-03-28/600814_20250328_M5AA.pdf
600821_2024_20250410,金开新能,金开新能|600821,600821,annual_report,2024年年度报告,2025-04-10,2024,,电力、热力生产和供应业,zh,CNY,上海证券交易所,沪主板,A股,电力、热力生产和供应业,电力、热力生产和供应业,true,/media/main/lgd/llm/PDFCrawl/output/top10_industries_2024_20each/manifest.csv,/media/main/lgd/llm/PDFCrawl/output/top10_industries_2024_20each/pdfs/600821/2024/600821_2024_20250410.pdf,https://www.sse.com.cn/disclosure/listedinfo/announcement/c/new/2025-04-10/600821_20250410_BGB0.pdf
600824_2024_20250429,益民集团,益民集团|600824,600824,annual_report,益民集团2024年年度报告,2025-04-29,2024,,零售业,zh,CNY,上海证券交易所,沪主板,A股,零售业,零售业,true,/media/main/lgd/llm/PDFCrawl/output/top10_industries_2024_20each/manifest.csv,/media/main/lgd/llm/PDFCrawl/output/top10_industries_2024_20each/pdfs/600824/2024/600824_2024_20250429.pdf,https://www.sse.com.cn/disclosure/listedinfo/announcement/c/new/2025-04-29/600824_20250429_BRX9.pdf
600827_2024_20250415,百联股份,百联股份|600827,600827,annual_report,百联股份2024年年度报告,2025-04-15,2024,,零售业,zh,CNY,上海证券交易所,沪主板,A股,零售业,零售业,true,/media/main/lgd/llm/PDFCrawl/output/top10_industries_2024_20each/manifest.csv,/media/main/lgd/llm/PDFCrawl/output/top10_industries_2024_20each/pdfs/600827/2024/600827_2024_20250415.pdf,https://www.sse.com.cn/disclosure/listedinfo/announcement/c/new/2025-04-15/600827_20250415_CORX.pdf
600828_2024_20250327,茂业商业,茂业商业|600828,600828,annual_report,茂业商业股份有限公司2024年年度报告,2025-03-27,2024,,零售业,zh,CNY,上海证券交易所,沪主板,A股,零售业,零售业,true,/media/main/lgd/llm/PDFCrawl/output/top10_industries_2024_20each/manifest.csv,/media/main/lgd/llm/PDFCrawl/output/top10_industries_2024_20each/pdfs/600828/2024/600828_2024_20250327.pdf,https://www.sse.com.cn/disclosure/listedinfo/announcement/c/new/2025-03-27/600828_20250327_739C.pdf
600838_2024_20250328,上海九百,上海九百|600838,600838,annual_report,上海九百2024年年度报告,2025-03-28,2024,,零售业,zh,CNY,上海证券交易所,沪主板,A股,零售业,零售业,true,/media/main/lgd/llm/PDFCrawl/output/top10_industries_2024_20each/manifest.csv,/media/main/lgd/llm/PDFCrawl/output/top10_industries_2024_20each/pdfs/600838/2024/600838_2024_20250328.pdf,https://www.sse.com.cn/disclosure/listedinfo/announcement/c/new/2025-03-28/600838_20250328_W9WM.pdf
600839_2024_20250426,四川长虹,四川长虹|600839,600839,annual_report,四川长虹2024年年度报告,2025-04-26,2024,,计算机、通信和其他电子设备制造业,zh,CNY,上海证券交易所,沪主板,A股,电子,电子制造,true,/media/main/lgd/llm/PDFCrawl/output/top10_industries_2024_20each/manifest.csv,/media/main/lgd/llm/PDFCrawl/output/top10_industries_2024_20each/pdfs/600839/2024/600839_2024_20250426.pdf,https://www.sse.com.cn/disclosure/listedinfo/announcement/c/new/2025-04-26/600839_20250426_K833.pdf
600843_2024_20250429,上工申贝,上工申贝|600843,600843,annual_report,上工申贝（集团）股份有限公司2024年年度报告,2025-04-29,2024,,专用设备制造业,zh,CNY,上海证券交易所,沪主板,A股,专用设备制造业,专用设备制造业,true,/media/main/lgd/llm/PDFCrawl/output/top10_industries_2024_20each/manifest.csv,/media/main/lgd/llm/PDFCrawl/output/top10_industries_2024_20each/pdfs/600843/2024/600843_2024_20250429.pdf,https://www.sse.com.cn/disclosure/listedinfo/announcement/c/new/2025-04-29/600843_20250429_S70M.pdf
600848_2024_20250412,上海临港,上海临港|600848,600848,annual_report,2024年年度报告,2025-04-12,2024,,房地产业,zh,CNY,上海证券交易所,沪主板,A股,房地产业,房地产业,true,/media/main/lgd/llm/PDFCrawl/output/top10_industries_2024_20each/manifest.csv,/media/main/lgd/llm/PDFCrawl/output/top10_industries_2024_20each/pdfs/600848/2024/600848_2024_20250412.pdf,https://www.sse.com.cn/disclosure/listedinfo/announcement/c/new/2025-04-12/600848_20250412_9M48.pdf
600850_2024_20250415,电科数字,电科数字|600850,600850,annual_report,中电科数字技术股份有限公司2024年年度报告,2025-04-15,2024,,软件和信息技术服务业,zh,CNY,上海证券交易所,沪主板,A股,信息技术,软件服务,true,/media/main/lgd/llm/PDFCrawl/output/top10_industries_2024_20each/manifest.csv,/media/main/lgd/llm/PDFCrawl/output/top10_industries_2024_20each/pdfs/600850/2024/600850_2024_20250415.pdf,https://www.sse.com.cn/disclosure/listedinfo/announcement/c/new/2025-04-15/600850_20250415_9BZO.pdf
600863_2024_20250425,内蒙华电,内蒙华电|600863,600863,annual_report,内蒙古蒙电华能热电股份有限公司2024年年度报告,2025-04-25,2024,,电力、热力生产和供应业,zh,CNY,上海证券交易所,沪主板,A股,电力、热力生产和供应业,电力、热力生产和供应业,true,/media/main/lgd/llm/PDFCrawl/output/top10_industries_2024_20each/manifest.csv,/media/main/lgd/llm/PDFCrawl/output/top10_industries_2024_20each/pdfs/600863/2024/600863_2024_20250425.pdf,https://www.sse.com.cn/disclosure/listedinfo/announcement/c/new/2025-04-25/600863_20250425_IQRJ.pdf
600868_2024_20250429,梅雁吉祥,梅雁吉祥|600868,600868,annual_report,广东梅雁吉祥水电股份有限公司2024年年度报告,2025-04-29,2024,,电力、热力生产和供应业,zh,CNY,上海证券交易所,沪主板,A股,电力、热力生产和供应业,电力、热力生产和供应业,true,/media/main/lgd/llm/PDFCrawl/output/top10_industries_2024_20each/manifest.csv,/media/main/lgd/llm/PDFCrawl/output/top10_industries_2024_20each/pdfs/600868/2024/600868_2024_20250429.pdf,https://www.sse.com.cn/disclosure/listedinfo/announcement/c/new/2025-04-29/600868_20250429_SSPO.pdf
600919_2024_20250419,江苏银行,江苏银行|600919,600919,annual_report,江苏银行2024年年度报告,2025-04-19,2024,,货币金融服务,zh,CNY,上海证券交易所,沪主板,A股,货币金融服务,货币金融服务,true,/media/main/lgd/llm/PDFCrawl/output/top10_industries_2024_20each/manifest.csv,/media/main/lgd/llm/PDFCrawl/output/top10_industries_2024_20each/pdfs/600919/2024/600919_2024_20250419.pdf,https://www.sse.com.cn/disclosure/listedinfo/announcement/c/new/2025-04-19/600919_20250419_L1TH.pdf
600969_2024_20250426,郴电国际,郴电国际|600969,600969,annual_report,郴电国际2024年年度报告全文,2025-04-26,2024,,电力、热力生产和供应业,zh,CNY,上海证券交易所,沪主板,A股,电力、热力生产和供应业,电力、热力生产和供应业,true,/media/main/lgd/llm/PDFCrawl/output/top10_industries_2024_20each/manifest.csv,/media/main/lgd/llm/PDFCrawl/output/top10_industries_2024_20each/pdfs/600969/2024/600969_2024_20250426.pdf,https://www.sse.com.cn/disclosure/listedinfo/announcement/c/new/2025-04-26/600969_20250426_TVMC.pdf
600979_2024_20250430,广安爱众,广安爱众|600979,600979,annual_report,四川广安爱众股份有限公司2024年年度报告,2025-04-30,2024,,电力、热力生产和供应业,zh,CNY,上海证券交易所,沪主板,A股,电力、热力生产和供应业,电力、热力生产和供应业,true,/media/main/lgd/llm/PDFCrawl/output/top10_industries_2024_20each/manifest.csv,/media/main/lgd/llm/PDFCrawl/output/top10_industries_2024_20each/pdfs/600979/2024/600979_2024_20250430.pdf,https://www.sse.com.cn/disclosure/listedinfo/announcement/c/new/2025-04-30/600979_20250430_RRXP.pdf
600982_2024_20250422,宁波能源,宁波能源|600982,600982,annual_report,宁波能源2024年年度报告,2025-04-22,2024,,电力、热力生产和供应业,zh,CNY,上海证券交易所,沪主板,A股,电力、热力生产和供应业,电力、热力生产和供应业,true,/media/main/lgd/llm/PDFCrawl/output/top10_industries_2024_20each/manifest.csv,/media/main/lgd/llm/PDFCrawl/output/top10_industries_2024_20each/pdfs/600982/2024/600982_2024_20250422.pdf,https://www.sse.com.cn/disclosure/listedinfo/announcement/c/new/2025-04-22/600982_20250422_YYFS.pdf
601009_2024_20250422,南京银行,南京银行|601009,601009,annual_report,南京银行股份有限公司2024年年度报告,2025-04-22,2024,,货币金融服务,zh,CNY,上海证券交易所,沪主板,A股,货币金融服务,货币金融服务,true,/media/main/lgd/llm/PDFCrawl/output/top10_industries_2024_20each/manifest.csv,/media/main/lgd/llm/PDFCrawl/output/top10_industries_2024_20each/pdfs/601009/2024/601009_2024_20250422.pdf,https://www.sse.com.cn/disclosure/listedinfo/announcement/c/new/2025-04-22/601009_20250422_T0YR.pdf
601010_2024_20250430,文峰股份,文峰股份|601010,601010,annual_report,文峰股份2024年年度报告,2025-04-30,2024,,零售业,zh,CNY,上海证券交易所,沪主板,A股,零售业,零售业,true,/media/main/lgd/llm/PDFCrawl/output/top10_industries_2024_20each/manifest.csv,/media/main/lgd/llm/PDFCrawl/output/top10_industries_2024_20each/pdfs/601010/2024/601010_2024_20250430.pdf,https://www.sse.com.cn/disclosure/listedinfo/announcement/c/new/2025-04-30/601010_20250430_BXZ9.pdf
601077_2024_20250326,渝农商行,渝农商行|601077,601077,annual_report,重庆农村商业银行股份有限公司2024年年度报告,2025-03-26,2024,,货币金融服务,zh,CNY,上海证券交易所,沪主板,A股,货币金融服务,货币金融服务,true,/media/main/lgd/llm/PDFCrawl/output/top10_industries_2024_20each/manifest.csv,/media/main/lgd/llm/PDFCrawl/output/top10_industries_2024_20each/pdfs/601077/2024/601077_2024_20250326.pdf,https://www.sse.com.cn/disclosure/listedinfo/announcement/c/new/2025-03-26/601077_20250326_NXT2.pdf
601113_2024_20250410,华鼎股份,华鼎股份|601113,601113,annual_report,义乌华鼎锦纶股份有限公司2024年年度报告,2025-04-10,2024,,零售业,zh,CNY,上海证券交易所,沪主板,A股,零售业,零售业,true,/media/main/lgd/llm/PDFCrawl/output/top10_industries_2024_20each/manifest.csv,/media/main/lgd/llm/PDFCrawl/output/top10_industries_2024_20each/pdfs/601113/2024/601113_2024_20250410.pdf,https://www.sse.com.cn/disclosure/listedinfo/announcement/c/new/2025-04-10/601113_20250410_F2EZ.pdf
601127_2024_20250401,赛力斯,赛力斯|601127,601127,annual_report,2024年年度报告,2025-04-01,2024,,汽车制造业,zh,CNY,上海证券交易所,沪主板,A股,汽车,汽车零部件,true,/media/main/lgd/llm/PDFCrawl/output/top10_industries_2024_20each/manifest.csv,/media/main/lgd/llm/PDFCrawl/output/top10_industries_2024_20each/pdfs/601127/2024/601127_2024_20250401.pdf,https://www.sse.com.cn/disclosure/listedinfo/announcement/c/new/2025-04-01/601127_20250401_OOO5.pdf
601128_2024_20250328,常熟银行,常熟银行|601128,601128,annual_report,江苏常熟农村商业银行股份有限公司2024年年度报告,2025-03-28,2024,,货币金融服务,zh,CNY,上海证券交易所,沪主板,A股,货币金融服务,货币金融服务,true,/media/main/lgd/llm/PDFCrawl/output/top10_industries_2024_20each/manifest.csv,/media/main/lgd/llm/PDFCrawl/output/top10_industries_2024_20each/pdfs/601128/2024/601128_2024_20250328.pdf,https://www.sse.com.cn/disclosure/listedinfo/announcement/c/new/2025-03-28/601128_20250328_QKK8.pdf
601169_2024_20250415,北京银行,北京银行|601169,601169,annual_report,北京银行股份有限公司2024年年度报告,2025-04-15,2024,,货币金融服务,zh,CNY,上海证券交易所,沪主板,A股,货币金融服务,货币金融服务,true,/media/main/lgd/llm/PDFCrawl/output/top10_industries_2024_20each/manifest.csv,/media/main/lgd/llm/PDFCrawl/output/top10_industries_2024_20each/pdfs/601169/2024/601169_2024_20250415.pdf,https://www.sse.com.cn/disclosure/listedinfo/announcement/c/new/2025-04-15/601169_20250415_EPWG.pdf
601238_2024_20250329,广汽集团,广汽集团|601238,601238,annual_report,广汽集团2024年年度报告全文,2025-03-29,2024,,汽车制造业,zh,CNY,上海证券交易所,沪主板,A股,汽车,汽车零部件,true,/media/main/lgd/llm/PDFCrawl/output/top10_industries_2024_20each/manifest.csv,/media/main/lgd/llm/PDFCrawl/output/top10_industries_2024_20each/pdfs/601238/2024/601238_2024_20250329.pdf,https://www.sse.com.cn/disclosure/listedinfo/announcement/c/new/2025-03-29/601238_20250329_83IV.pdf
601528_2024_20250328,瑞丰银行,瑞丰银行|601528,601528,annual_report,浙江绍兴瑞丰农村商业银行股份有限公司2024年年度报告,2025-03-28,2024,,货币金融服务,zh,CNY,上海证券交易所,沪主板,A股,货币金融服务,货币金融服务,true,/media/main/lgd/llm/PDFCrawl/output/top10_industries_2024_20each/manifest.csv,/media/main/lgd/llm/PDFCrawl/output/top10_industries_2024_20each/pdfs/601528/2024/601528_2024_20250328.pdf,https://www.sse.com.cn/disclosure/listedinfo/announcement/c/new/2025-03-28/601528_20250328_ULDM.pdf
601577_2024_20250426,长沙银行,长沙银行|601577,601577,annual_report,长沙银行股份有限公司2024年年度报告全文,2025-04-26,2024,,货币金融服务,zh,CNY,上海证券交易所,沪主板,A股,货币金融服务,货币金融服务,true,/media/main/lgd/llm/PDFCrawl/output/top10_industries_2024_20each/manifest.csv,/media/main/lgd/llm/PDFCrawl/output/top10_industries_2024_20each/pdfs/601577/2024/601577_2024_20250426.pdf,https://www.sse.com.cn/disclosure/listedinfo/announcement/c/new/2025-04-26/601577_20250426_4ZZV.pdf
601607_2024_20250328,上海医药,上海医药|601607,601607,annual_report,上海医药集团股份有限公司2024 年年度报告,2025-03-28,2024,,零售业,zh,CNY,上海证券交易所,沪主板,A股,零售业,零售业,true,/media/main/lgd/llm/PDFCrawl/output/top10_industries_2024_20each/manifest.csv,/media/main/lgd/llm/PDFCrawl/output/top10_industries_2024_20each/pdfs/601607/2024/601607_2024_20250328.pdf,https://www.sse.com.cn/disclosure/listedinfo/announcement/c/new/2025-03-28/601607_20250328_W835.pdf
601658_2024_20250328,邮储银行,邮储银行|601658,601658,annual_report,中国邮政储蓄银行股份有限公司2024年年度报告,2025-03-28,2024,,货币金融服务,zh,CNY,上海证券交易所,沪主板,A股,货币金融服务,货币金融服务,true,/media/main/lgd/llm/PDFCrawl/output/top10_industries_2024_20each/manifest.csv,/media/main/lgd/llm/PDFCrawl/output/top10_industries_2024_20each/pdfs/601658/2024/601658_2024_20250328.pdf,https://www.sse.com.cn/disclosure/listedinfo/announcement/c/new/2025-03-28/601658_20250328_RI1C.pdf
601665_2024_20250426,齐鲁银行,齐鲁银行|601665,601665,annual_report,齐鲁银行股份有限公司2024年年度报告,2025-04-26,2024,,货币金融服务,zh,CNY,上海证券交易所,沪主板,A股,货币金融服务,货币金融服务,true,/media/main/lgd/llm/PDFCrawl/output/top10_industries_2024_20each/manifest.csv,/media/main/lgd/llm/PDFCrawl/output/top10_industries_2024_20each/pdfs/601665/2024/601665_2024_20250426.pdf,https://www.sse.com.cn/disclosure/listedinfo/announcement/c/new/2025-04-26/601665_20250426_XN0V.pdf
601678_2024_20250430,滨化股份,滨化股份|601678,601678,annual_report,滨化股份2024年年度报告,2025-04-30,2024,,化学原料和化学制品制造业,zh,CNY,上海证券交易所,沪主板,A股,化学原料和化学制品制造业,化学原料和化学制品制造业,true,/media/main/lgd/llm/PDFCrawl/output/top10_industries_2024_20each/manifest.csv,/media/main/lgd/llm/PDFCrawl/output/top10_industries_2024_20each/pdfs/601678/2024/601678_2024_20250430.pdf,https://www.sse.com.cn/disclosure/listedinfo/announcement/c/new/2025-04-30/601678_20250430_MN9F.pdf
601799_2024_20250320,星宇股份,星宇股份|601799,601799,annual_report,星宇股份2024年年度报告全文,2025-03-20,2024,,汽车制造业,zh,CNY,上海证券交易所,沪主板,A股,汽车,汽车零部件,true,/media/main/lgd/llm/PDFCrawl/output/top10_industries_2024_20each/manifest.csv,/media/main/lgd/llm/PDFCrawl/output/top10_industries_2024_20each/pdfs/601799/2024/601799_2024_20250320.pdf,https://www.sse.com.cn/disclosure/listedinfo/announcement/c/new/2025-03-20/601799_20250320_T2NS.pdf
601825_2024_20250425,沪农商行,沪农商行|601825,601825,annual_report,上海农商银行股份有限公司2024年年度报告,2025-04-25,2024,,货币金融服务,zh,CNY,上海证券交易所,沪主板,A股,货币金融服务,货币金融服务,true,/media/main/lgd/llm/PDFCrawl/output/top10_industries_2024_20each/manifest.csv,/media/main/lgd/llm/PDFCrawl/output/top10_industries_2024_20each/pdfs/601825/2024/601825_2024_20250425.pdf,https://www.sse.com.cn/disclosure/listedinfo/announcement/c/new/2025-04-25/601825_20250425_LDQ6.pdf
601838_2024_20250429,成都银行,成都银行|601838,601838,annual_report,成都银行股份有限公司2024年年度报告,2025-04-29,2024,,货币金融服务,zh,CNY,上海证券交易所,沪主板,A股,货币金融服务,货币金融服务,true,/media/main/lgd/llm/PDFCrawl/output/top10_industries_2024_20each/manifest.csv,/media/main/lgd/llm/PDFCrawl/output/top10_industries_2024_20each/pdfs/601838/2024/601838_2024_20250429.pdf,https://www.sse.com.cn/disclosure/listedinfo/announcement/c/new/2025-04-29/601838_20250429_7CUU.pdf
601860_2024_20250425,紫金银行,紫金银行|601860,601860,annual_report,江苏紫金农村商业银行股份有限公司2024年年度报告,2025-04-25,2024,,货币金融服务,zh,CNY,上海证券交易所,沪主板,A股,货币金融服务,货币金融服务,true,/media/main/lgd/llm/PDFCrawl/output/top10_industries_2024_20each/manifest.csv,/media/main/lgd/llm/PDFCrawl/output/top10_industries_2024_20each/pdfs/601860/2024/601860_2024_20250425.pdf,https://www.sse.com.cn/disclosure/listedinfo/announcement/c/new/2025-04-25/601860_20250425_E6AQ.pdf
603009_2024_20250228,北特科技,北特科技|603009,603009,annual_report,北特科技2024年年度报告,2025-02-28,2024,,汽车制造业,zh,CNY,上海证券交易所,沪主板,A股,汽车,汽车零部件,true,/media/main/lgd/llm/PDFCrawl/output/top10_industries_2024_20each/manifest.csv,/media/main/lgd/llm/PDFCrawl/output/top10_industries_2024_20each/pdfs/603009/2024/603009_2024_20250228.pdf,https://www.sse.com.cn/disclosure/listedinfo/announcement/c/new/2025-02-28/603009_20250228_HREU.pdf
603037_2024_20250429,凯众股份,凯众股份|603037,603037,annual_report,2024年年度报告,2025-04-29,2024,,汽车制造业,zh,CNY,上海证券交易所,沪主板,A股,汽车,汽车零部件,true,/media/main/lgd/llm/PDFCrawl/output/top10_industries_2024_20each/manifest.csv,/media/main/lgd/llm/PDFCrawl/output/top10_industries_2024_20each/pdfs/603037/2024/603037_2024_20250429.pdf,https://www.sse.com.cn/disclosure/listedinfo/announcement/c/new/2025-04-29/603037_20250429_5BJA.pdf
603039_2024_20250328,泛微网络,泛微网络|603039,603039,annual_report,泛微网络2024年年度报告,2025-03-28,2024,,软件和信息技术服务业,zh,CNY,上海证券交易所,沪主板,A股,信息技术,软件服务,true,/media/main/lgd/llm/PDFCrawl/output/top10_industries_2024_20each/manifest.csv,/media/main/lgd/llm/PDFCrawl/output/top10_industries_2024_20each/pdfs/603039/2024/603039_2024_20250328.pdf,https://www.sse.com.cn/disclosure/listedinfo/announcement/c/new/2025-03-28/603039_20250328_RXN5.pdf
603062_2024_20250325,麦加芯彩,麦加芯彩|603062,603062,annual_report,2024年年度报告,2025-03-25,2024,,化学原料和化学制品制造业,zh,CNY,上海证券交易所,沪主板,A股,化学原料和化学制品制造业,化学原料和化学制品制造业,true,/media/main/lgd/llm/PDFCrawl/output/top10_industries_2024_20each/manifest.csv,/media/main/lgd/llm/PDFCrawl/output/top10_industries_2024_20each/pdfs/603062/2024/603062_2024_20250325.pdf,https://www.sse.com.cn/disclosure/listedinfo/announcement/c/new/2025-03-25/603062_20250325_DR4K.pdf
603065_2024_20250429,宿迁联盛,宿迁联盛|603065,603065,annual_report,宿迁联盛2024年年度报告,2025-04-29,2024,,化学原料和化学制品制造业,zh,CNY,上海证券交易所,沪主板,A股,化学原料和化学制品制造业,化学原料和化学制品制造业,true,/media/main/lgd/llm/PDFCrawl/output/top10_industries_2024_20each/manifest.csv,/media/main/lgd/llm/PDFCrawl/output/top10_industries_2024_20each/pdfs/603065/2024/603065_2024_20250429.pdf,https://www.sse.com.cn/disclosure/listedinfo/announcement/c/new/2025-04-29/603065_20250429_NK0M.pdf
603067_2024_20250428,振华股份,振华股份|603067,603067,annual_report,振华股份2024年年度报告,2025-04-28,2024,,化学原料和化学制品制造业,zh,CNY,上海证券交易所,沪主板,A股,化学原料和化学制品制造业,化学原料和化学制品制造业,true,/media/main/lgd/llm/PDFCrawl/output/top10_industries_2024_20each/manifest.csv,/media/main/lgd/llm/PDFCrawl/output/top10_industries_2024_20each/pdfs/603067/2024/603067_2024_20250428.pdf,https://www.sse.com.cn/disclosure/listedinfo/announcement/c/new/2025-04-28/603067_20250428_BHGJ.pdf
603078_2024_20250322,江化微,江化微|603078,603078,annual_report,江阴江化微电子材料股份有限公司2024年年度报告,2025-03-22,2024,,化学原料和化学制品制造业,zh,CNY,上海证券交易所,沪主板,A股,化学原料和化学制品制造业,化学原料和化学制品制造业,true,/media/main/lgd/llm/PDFCrawl/output/top10_industries_2024_20each/manifest.csv,/media/main/lgd/llm/PDFCrawl/output/top10_industries_2024_20each/pdfs/603078/2024/603078_2024_20250322.pdf,https://www.sse.com.cn/disclosure/listedinfo/announcement/c/new/2025-03-22/603078_20250322_UZQF.pdf
603085_2024_20250429,天成自控,天成自控|603085,603085,annual_report,天成自控2024年年度报告,2025-04-29,2024,,汽车制造业,zh,CNY,上海证券交易所,沪主板,A股,汽车,汽车零部件,true,/media/main/lgd/llm/PDFCrawl/output/top10_industries_2024_20each/manifest.csv,/media/main/lgd/llm/PDFCrawl/output/top10_industries_2024_20each/pdfs/603085/2024/603085_2024_20250429.pdf,https://www.sse.com.cn/disclosure/listedinfo/announcement/c/new/2025-04-29/603085_20250429_FJDY.pdf
603101_2024_20250404,汇嘉时代,汇嘉时代|603101,603101,annual_report,2024年年度报告,2025-04-04,2024,,零售业,zh,CNY,上海证券交易所,沪主板,A股,零售业,零售业,true,/media/main/lgd/llm/PDFCrawl/output/top10_industries_2024_20each/manifest.csv,/media/main/lgd/llm/PDFCrawl/output/top10_industries_2024_20each/pdfs/603101/2024/603101_2024_20250404.pdf,https://www.sse.com.cn/disclosure/listedinfo/announcement/c/new/2025-04-04/603101_20250404_07XC.pdf
603105_2024_20250425,芯能科技,芯能科技|603105,603105,annual_report,浙江芯能光伏科技股份有限公司2024年年度报告,2025-04-25,2024,,电力、热力生产和供应业,zh,CNY,上海证券交易所,沪主板,A股,电力、热力生产和供应业,电力、热力生产和供应业,true,/media/main/lgd/llm/PDFCrawl/output/top10_industries_2024_20each/manifest.csv,/media/main/lgd/llm/PDFCrawl/output/top10_industries_2024_20each/pdfs/603105/2024/603105_2024_20250425.pdf,https://www.sse.com.cn/disclosure/listedinfo/announcement/c/new/2025-04-25/603105_20250425_Z06D.pdf
603113_2024_20250322,金能科技,金能科技|603113,603113,annual_report,金能科技股份有限公司2024年年度报告,2025-03-22,2024,,化学原料和化学制品制造业,zh,CNY,上海证券交易所,沪主板,A股,化学原料和化学制品制造业,化学原料和化学制品制造业,true,/media/main/lgd/llm/PDFCrawl/output/top10_industries_2024_20each/manifest.csv,/media/main/lgd/llm/PDFCrawl/output/top10_industries_2024_20each/pdfs/603113/2024/603113_2024_20250322.pdf,https://www.sse.com.cn/disclosure/listedinfo/announcement/c/new/2025-03-22/603113_20250322_6CB6.pdf
603123_2024_20250430,翠微股份,翠微股份|603123,603123,annual_report,翠微股份2024年年度报告,2025-04-30,2024,,零售业,zh,CNY,上海证券交易所,沪主板,A股,零售业,零售业,true,/media/main/lgd/llm/PDFCrawl/output/top10_industries_2024_20each/manifest.csv,/media/main/lgd/llm/PDFCrawl/output/top10_industries_2024_20each/pdfs/603123/2024/603123_2024_20250430.pdf,https://www.sse.com.cn/disclosure/listedinfo/announcement/c/new/2025-04-30/603123_20250430_YAQX.pdf
603178_2024_20250429,圣龙股份,圣龙股份|603178,603178,annual_report,圣龙股份2024年年度报告,2025-04-29,2024,,汽车制造业,zh,CNY,上海证券交易所,沪主板,A股,汽车,汽车零部件,true,/media/main/lgd/llm/PDFCrawl/output/top10_industries_2024_20each/manifest.csv,/media/main/lgd/llm/PDFCrawl/output/top10_industries_2024_20each/pdfs/603178/2024/603178_2024_20250429.pdf,https://www.sse.com.cn/disclosure/listedinfo/announcement/c/new/2025-04-29/603178_20250429_L3AZ.pdf
603193_2024_20250425,润本股份,润本股份|603193,603193,annual_report,2024年年度报告,2025-04-25,2024,,化学原料和化学制品制造业,zh,CNY,上海证券交易所,沪主板,A股,化学原料和化学制品制造业,化学原料和化学制品制造业,true,/media/main/lgd/llm/PDFCrawl/output/top10_industries_2024_20each/manifest.csv,/media/main/lgd/llm/PDFCrawl/output/top10_industries_2024_20each/pdfs/603193/2024/603193_2024_20250425.pdf,https://www.sse.com.cn/disclosure/listedinfo/announcement/c/new/2025-04-25/603193_20250425_4UAK.pdf
603211_2024_20250425,晋拓股份,晋拓股份|603211,603211,annual_report,2024年年度报告,2025-04-25,2024,,汽车制造业,zh,CNY,上海证券交易所,沪主板,A股,汽车,汽车零部件,true,/media/main/lgd/llm/PDFCrawl/output/top10_industries_2024_20each/manifest.csv,/media/main/lgd/llm/PDFCrawl/output/top10_industries_2024_20each/pdfs/603211/2024/603211_2024_20250425.pdf,https://www.sse.com.cn/disclosure/listedinfo/announcement/c/new/2025-04-25/603211_20250425_JC8Z.pdf
603214_2024_20250403,爱婴室,爱婴室|603214,603214,annual_report,2024年年度报告,2025-04-03,2024,,零售业,zh,CNY,上海证券交易所,沪主板,A股,零售业,零售业,true,/media/main/lgd/llm/PDFCrawl/output/top10_industries_2024_20each/manifest.csv,/media/main/lgd/llm/PDFCrawl/output/top10_industries_2024_20each/pdfs/603214/2024/603214_2024_20250403.pdf,https://www.sse.com.cn/disclosure/listedinfo/announcement/c/new/2025-04-03/603214_20250403_LJ99.pdf
603309_2024_20250425,维力医疗,维力医疗|603309,603309,annual_report,维力医疗2024年年度报告,2025-04-25,2024,,专用设备制造业,zh,CNY,上海证券交易所,沪主板,A股,专用设备制造业,专用设备制造业,true,/media/main/lgd/llm/PDFCrawl/output/top10_industries_2024_20each/manifest.csv,/media/main/lgd/llm/PDFCrawl/output/top10_industries_2024_20each/pdfs/603309/2024/603309_2024_20250425.pdf,https://www.sse.com.cn/disclosure/listedinfo/announcement/c/new/2025-04-25/603309_20250425_EAMC.pdf
603323_2024_20250430,苏农银行,苏农银行|603323,603323,annual_report,苏农银行2024年年度报告,2025-04-30,2024,,货币金融服务,zh,CNY,上海证券交易所,沪主板,A股,货币金融服务,货币金融服务,true,/media/main/lgd/llm/PDFCrawl/output/top10_industries_2024_20each/manifest.csv,/media/main/lgd/llm/PDFCrawl/output/top10_industries_2024_20each/pdfs/603323/2024/603323_2024_20250430.pdf,https://www.sse.com.cn/disclosure/listedinfo/announcement/c/new/2025-04-30/603323_20250430_8CLG.pdf
603367_2024_20250422,辰欣药业,辰欣药业|603367,603367,annual_report,辰欣药业股份有限公司2024年年度报告,2025-04-22,2024,,医药制造业,zh,CNY,上海证券交易所,沪主板,A股,医药生物,医药制造,true,/media/main/lgd/llm/PDFCrawl/output/top10_industries_2024_20each/manifest.csv,/media/main/lgd/llm/PDFCrawl/output/top10_industries_2024_20each/pdfs/603367/2024/603367_2024_20250422.pdf,https://www.sse.com.cn/disclosure/listedinfo/announcement/c/new/2025-04-22/603367_20250422_5QB2.pdf
603383_2024_20250411,顶点软件,顶点软件|603383,603383,annual_report,顶点软件2024年年度报告,2025-04-11,2024,,软件和信息技术服务业,zh,CNY,上海证券交易所,沪主板,A股,信息技术,软件服务,true,/media/main/lgd/llm/PDFCrawl/output/top10_industries_2024_20each/manifest.csv,/media/main/lgd/llm/PDFCrawl/output/top10_industries_2024_20each/pdfs/603383/2024/603383_2024_20250411.pdf,https://www.sse.com.cn/disclosure/listedinfo/announcement/c/new/2025-04-11/603383_20250411_A1X1.pdf
603486_2024_20250426,科沃斯,科沃斯|603486,603486,annual_report,2024年年度报告,2025-04-26,2024,,计算机、通信和其他电子设备制造业,zh,CNY,上海证券交易所,沪主板,A股,电子,电子制造,true,/media/main/lgd/llm/PDFCrawl/output/top10_industries_2024_20each/manifest.csv,/media/main/lgd/llm/PDFCrawl/output/top10_industries_2024_20each/pdfs/603486/2024/603486_2024_20250426.pdf,https://www.sse.com.cn/disclosure/listedinfo/announcement/c/new/2025-04-26/603486_20250426_K3I6.pdf
603496_2024_20250415,恒为科技,恒为科技|603496,603496,annual_report,2024年年度报告,2025-04-15,2024,,计算机、通信和其他电子设备制造业,zh,CNY,上海证券交易所,沪主板,A股,电子,电子制造,true,/media/main/lgd/llm/PDFCrawl/output/top10_industries_2024_20each/manifest.csv,/media/main/lgd/llm/PDFCrawl/output/top10_industries_2024_20each/pdfs/603496/2024/603496_2024_20250415.pdf,https://www.sse.com.cn/disclosure/listedinfo/announcement/c/new/2025-04-15/603496_20250415_RACL.pdf
603516_2024_20250423,淳中科技,淳中科技|603516,603516,annual_report,北京淳中科技股份有限公司2024年年度报告,2025-04-23,2024,,计算机、通信和其他电子设备制造业,zh,CNY,上海证券交易所,沪主板,A股,电子,电子制造,true,/media/main/lgd/llm/PDFCrawl/output/top10_industries_2024_20each/manifest.csv,/media/main/lgd/llm/PDFCrawl/output/top10_industries_2024_20each/pdfs/603516/2024/603516_2024_20250423.pdf,https://www.sse.com.cn/disclosure/listedinfo/announcement/c/new/2025-04-23/603516_20250423_0HT1.pdf
603676_2024_20250426,卫信康,卫信康|603676,603676,annual_report,西藏卫信康医药股份有限公司2024年年度报告,2025-04-26,2024,,医药制造业,zh,CNY,上海证券交易所,沪主板,A股,医药生物,医药制造,true,/media/main/lgd/llm/PDFCrawl/output/top10_industries_2024_20each/manifest.csv,/media/main/lgd/llm/PDFCrawl/output/top10_industries_2024_20each/pdfs/603676/2024/603676_2024_20250426.pdf,https://www.sse.com.cn/disclosure/listedinfo/announcement/c/new/2025-04-26/603676_20250426_75HO.pdf
603693_2024_20250423,江苏新能,江苏新能|603693,603693,annual_report,江苏新能2024年年度报告,2025-04-23,2024,,电力、热力生产和供应业,zh,CNY,上海证券交易所,沪主板,A股,电力、热力生产和供应业,电力、热力生产和供应业,true,/media/main/lgd/llm/PDFCrawl/output/top10_industries_2024_20each/manifest.csv,/media/main/lgd/llm/PDFCrawl/output/top10_industries_2024_20each/pdfs/603693/2024/603693_2024_20250423.pdf,https://www.sse.com.cn/disclosure/listedinfo/announcement/c/new/2025-04-23/603693_20250423_14RY.pdf
603698_2024_20250401,航天工程,航天工程|603698,603698,annual_report,航天工程公司2024年年度报告,2025-04-01,2024,,专用设备制造业,zh,CNY,上海证券交易所,沪主板,A股,专用设备制造业,专用设备制造业,true,/media/main/lgd/llm/PDFCrawl/output/top10_industries_2024_20each/manifest.csv,/media/main/lgd/llm/PDFCrawl/output/top10_industries_2024_20each/pdfs/603698/2024/603698_2024_20250401.pdf,https://www.sse.com.cn/disclosure/listedinfo/announcement/c/new/2025-04-01/603698_20250401_QN2P.pdf
603776_2024_20250412,永安行,永安行|603776,603776,annual_report,永安行：2024年年度报告,2025-04-12,2024,,软件和信息技术服务业,zh,CNY,上海证券交易所,沪主板,A股,信息技术,软件服务,true,/media/main/lgd/llm/PDFCrawl/output/top10_industries_2024_20each/manifest.csv,/media/main/lgd/llm/PDFCrawl/output/top10_industries_2024_20each/pdfs/603776/2024/603776_2024_20250412.pdf,https://www.sse.com.cn/disclosure/listedinfo/announcement/c/new/2025-04-12/603776_20250412_2A1K.pdf
603777_2024_20250429,来伊份,来伊份|603777,603777,annual_report,2024年年度报告,2025-04-29,2024,,零售业,zh,CNY,上海证券交易所,沪主板,A股,零售业,零售业,true,/media/main/lgd/llm/PDFCrawl/output/top10_industries_2024_20each/manifest.csv,/media/main/lgd/llm/PDFCrawl/output/top10_industries_2024_20each/pdfs/603777/2024/603777_2024_20250429.pdf,https://www.sse.com.cn/disclosure/listedinfo/announcement/c/new/2025-04-29/603777_20250429_8CUR.pdf
603789_2024_20250430,星光农机,星光农机|603789,603789,annual_report,星光农机2024年年度报告,2025-04-30,2024,,专用设备制造业,zh,CNY,上海证券交易所,沪主板,A股,专用设备制造业,专用设备制造业,true,/media/main/lgd/llm/PDFCrawl/output/top10_industries_2024_20each/manifest.csv,/media/main/lgd/llm/PDFCrawl/output/top10_industries_2024_20each/pdfs/603789/2024/603789_2024_20250430.pdf,https://www.sse.com.cn/disclosure/listedinfo/announcement/c/new/2025-04-30/603789_20250430_CUZ2.pdf
603809_2024_20250322,豪能股份,豪能股份|603809,603809,annual_report,2024年年度报告,2025-03-22,2024,,汽车制造业,zh,CNY,上海证券交易所,沪主板,A股,汽车,汽车零部件,true,/media/main/lgd/llm/PDFCrawl/output/top10_industries_2024_20each/manifest.csv,/media/main/lgd/llm/PDFCrawl/output/top10_industries_2024_20each/pdfs/603809/2024/603809_2024_20250322.pdf,https://www.sse.com.cn/disclosure/listedinfo/announcement/c/new/2025-03-22/603809_20250322_O62O.pdf
603858_2024_20250426,步长制药,步长制药|603858,603858,annual_report,山东步长制药股份有限公司2024年年度报告,2025-04-26,2024,,医药制造业,zh,CNY,上海证券交易所,沪主板,A股,医药生物,医药制造,true,/media/main/lgd/llm/PDFCrawl/output/top10_industries_2024_20each/manifest.csv,/media/main/lgd/llm/PDFCrawl/output/top10_industries_2024_20each/pdfs/603858/2024/603858_2024_20250426.pdf,https://www.sse.com.cn/disclosure/listedinfo/announcement/c/new/2025-04-26/603858_20250426_YFCQ.pdf
603900_2024_20250423,莱绅通灵,莱绅通灵|603900,603900,annual_report,莱绅通灵2024年年度报告,2025-04-23,2024,,零售业,zh,CNY,上海证券交易所,沪主板,A股,零售业,零售业,true,/media/main/lgd/llm/PDFCrawl/output/top10_industries_2024_20each/manifest.csv,/media/main/lgd/llm/PDFCrawl/output/top10_industries_2024_20each/pdfs/603900/2024/603900_2024_20250423.pdf,https://www.sse.com.cn/disclosure/listedinfo/announcement/c/new/2025-04-23/603900_20250423_0HG8.pdf
603949_2024_20250328,雪龙集团,雪龙集团|603949,603949,annual_report,雪龙集团股份有限公司2024年年度报告,2025-03-28,2024,,汽车制造业,zh,CNY,上海证券交易所,沪主板,A股,汽车,汽车零部件,true,/media/main/lgd/llm/PDFCrawl/output/top10_industries_2024_20each/manifest.csv,/media/main/lgd/llm/PDFCrawl/output/top10_industries_2024_20each/pdfs/603949/2024/603949_2024_20250328.pdf,https://www.sse.com.cn/disclosure/listedinfo/announcement/c/new/2025-03-28/603949_20250328_C7PD.pdf
603968_2024_20250426,醋化股份,醋化股份|603968,603968,annual_report,2024年年度报告,2025-04-26,2024,,化学原料和化学制品制造业,zh,CNY,上海证券交易所,沪主板,A股,化学原料和化学制品制造业,化学原料和化学制品制造业,true,/media/main/lgd/llm/PDFCrawl/output/top10_industries_2024_20each/manifest.csv,/media/main/lgd/llm/PDFCrawl/output/top10_industries_2024_20each/pdfs/603968/2024/603968_2024_20250426.pdf,https://www.sse.com.cn/disclosure/listedinfo/announcement/c/new/2025-04-26/603968_20250426_3661.pdf
603977_2024_20250418,国泰集团,国泰集团|603977,603977,annual_report,江西国泰集团股份有限公司2024年年度报告全文,2025-04-18,2024,,化学原料和化学制品制造业,zh,CNY,上海证券交易所,沪主板,A股,化学原料和化学制品制造业,化学原料和化学制品制造业,true,/media/main/lgd/llm/PDFCrawl/output/top10_industries_2024_20each/manifest.csv,/media/main/lgd/llm/PDFCrawl/output/top10_industries_2024_20each/pdfs/603977/2024/603977_2024_20250418.pdf,https://www.sse.com.cn/disclosure/listedinfo/announcement/c/new/2025-04-18/603977_20250418_6VGH.pdf
605088_2024_20250329,冠盛股份,冠盛股份|605088,605088,annual_report,2024年年度报告,2025-03-29,2024,,汽车制造业,zh,CNY,上海证券交易所,沪主板,A股,汽车,汽车零部件,true,/media/main/lgd/llm/PDFCrawl/output/top10_industries_2024_20each/manifest.csv,/media/main/lgd/llm/PDFCrawl/output/top10_industries_2024_20each/pdfs/605088/2024/605088_2024_20250329.pdf,https://www.sse.com.cn/disclosure/listedinfo/announcement/c/new/2025-03-29/605088_20250329_WK1V.pdf
605228_2024_20250423,神通科技,神通科技|605228,605228,annual_report,2024年年度报告,2025-04-23,2024,,汽车制造业,zh,CNY,上海证券交易所,沪主板,A股,汽车,汽车零部件,true,/media/main/lgd/llm/PDFCrawl/output/top10_industries_2024_20each/manifest.csv,/media/main/lgd/llm/PDFCrawl/output/top10_industries_2024_20each/pdfs/605228/2024/605228_2024_20250423.pdf,https://www.sse.com.cn/disclosure/listedinfo/announcement/c/new/2025-04-23/605228_20250423_LGNP.pdf
605319_2024_20250425,无锡振华,无锡振华|605319,605319,annual_report,2024年年度报告,2025-04-25,2024,,汽车制造业,zh,CNY,上海证券交易所,沪主板,A股,汽车,汽车零部件,true,/media/main/lgd/llm/PDFCrawl/output/top10_industries_2024_20each/manifest.csv,/media/main/lgd/llm/PDFCrawl/output/top10_industries_2024_20each/pdfs/605319/2024/605319_2024_20250425.pdf,https://www.sse.com.cn/disclosure/listedinfo/announcement/c/new/2025-04-25/605319_20250425_I7S0.pdf
688003_2024_20250412,天准科技,天准科技|688003,688003,annual_report,2024年年度报告,2025-04-12,2024,,专用设备制造业,zh,CNY,上海证券交易所,科创板,A股,专用设备制造业,专用设备制造业,true,/media/main/lgd/llm/PDFCrawl/output/top10_industries_2024_20each/manifest.csv,/media/main/lgd/llm/PDFCrawl/output/top10_industries_2024_20each/pdfs/688003/2024/688003_2024_20250412.pdf,https://www.sse.com.cn/disclosure/listedinfo/announcement/c/new/2025-04-12/688003_20250412_8G3R.pdf
688004_2024_20250418,博汇科技,博汇科技|688004,688004,annual_report,博汇科技2024年年度报告,2025-04-18,2024,,软件和信息技术服务业,zh,CNY,上海证券交易所,科创板,A股,信息技术,软件服务,true,/media/main/lgd/llm/PDFCrawl/output/top10_industries_2024_20each/manifest.csv,/media/main/lgd/llm/PDFCrawl/output/top10_industries_2024_20each/pdfs/688004/2024/688004_2024_20250418.pdf,https://www.sse.com.cn/disclosure/listedinfo/announcement/c/new/2025-04-18/688004_20250418_2ACO.pdf
688013_2024_20250428,天臣医疗,天臣医疗|688013,688013,annual_report,天臣医疗2024年年度报告,2025-04-28,2024,,专用设备制造业,zh,CNY,上海证券交易所,科创板,A股,专用设备制造业,专用设备制造业,true,/media/main/lgd/llm/PDFCrawl/output/top10_industries_2024_20each/manifest.csv,/media/main/lgd/llm/PDFCrawl/output/top10_industries_2024_20each/pdfs/688013/2024/688013_2024_20250428.pdf,https://www.sse.com.cn/disclosure/listedinfo/announcement/c/new/2025-04-28/688013_20250428_DNH6.pdf
688016_2024_20250329,心脉医疗,心脉医疗|688016,688016,annual_report,心脉医疗：2024年年度报告,2025-03-29,2024,,专用设备制造业,zh,CNY,上海证券交易所,科创板,A股,专用设备制造业,专用设备制造业,true,/media/main/lgd/llm/PDFCrawl/output/top10_industries_2024_20each/manifest.csv,/media/main/lgd/llm/PDFCrawl/output/top10_industries_2024_20each/pdfs/688016/2024/688016_2024_20250329.pdf,https://www.sse.com.cn/disclosure/listedinfo/announcement/c/new/2025-03-29/688016_20250329_LZAO.pdf
688018_2024_20250322,乐鑫科技,乐鑫科技|688018,688018,annual_report,乐鑫科技2024年年度报告,2025-03-22,2024,,软件和信息技术服务业,zh,CNY,上海证券交易所,科创板,A股,信息技术,软件服务,true,/media/main/lgd/llm/PDFCrawl/output/top10_industries_2024_20each/manifest.csv,/media/main/lgd/llm/PDFCrawl/output/top10_industries_2024_20each/pdfs/688018/2024/688018_2024_20250322.pdf,https://www.sse.com.cn/disclosure/listedinfo/announcement/c/new/2025-03-22/688018_20250322_HTN4.pdf
688027_2024_20250326,国盾量子,国盾量子|688027,688027,annual_report,2024年年度报告,2025-03-26,2024,,计算机、通信和其他电子设备制造业,zh,CNY,上海证券交易所,科创板,A股,电子,电子制造,true,/media/main/lgd/llm/PDFCrawl/output/top10_industries_2024_20each/manifest.csv,/media/main/lgd/llm/PDFCrawl/output/top10_industries_2024_20each/pdfs/688027/2024/688027_2024_20250326.pdf,https://www.sse.com.cn/disclosure/listedinfo/announcement/c/new/2025-03-26/688027_20250326_ZRKI.pdf
688047_2024_20250429,龙芯中科,龙芯中科|688047,688047,annual_report,龙芯中科2024年年度报告,2025-04-29,2024,,计算机、通信和其他电子设备制造业,zh,CNY,上海证券交易所,科创板,A股,电子,电子制造,true,/media/main/lgd/llm/PDFCrawl/output/top10_industries_2024_20each/manifest.csv,/media/main/lgd/llm/PDFCrawl/output/top10_industries_2024_20each/pdfs/688047/2024/688047_2024_20250429.pdf,https://www.sse.com.cn/disclosure/listedinfo/announcement/c/new/2025-04-29/688047_20250429_YWG5.pdf
688066_2024_20250429,航天宏图,航天宏图|688066,688066,annual_report,2024年年度报告,2025-04-29,2024,,软件和信息技术服务业,zh,CNY,上海证券交易所,科创板,A股,信息技术,软件服务,true,/media/main/lgd/llm/PDFCrawl/output/top10_industries_2024_20each/manifest.csv,/media/main/lgd/llm/PDFCrawl/output/top10_industries_2024_20each/pdfs/688066/2024/688066_2024_20250429.pdf,https://www.sse.com.cn/disclosure/listedinfo/announcement/c/new/2025-04-29/688066_20250429_M3VR.pdf
688080_2024_20250423,映翰通,映翰通|688080,688080,annual_report,2024年年度报告,2025-04-23,2024,,计算机、通信和其他电子设备制造业,zh,CNY,上海证券交易所,科创板,A股,电子,电子制造,true,/media/main/lgd/llm/PDFCrawl/output/top10_industries_2024_20each/manifest.csv,/media/main/lgd/llm/PDFCrawl/output/top10_industries_2024_20each/pdfs/688080/2024/688080_2024_20250423.pdf,https://www.sse.com.cn/disclosure/listedinfo/announcement/c/new/2025-04-23/688080_20250423_56F0.pdf
688098_2024_20250430,申联生物,申联生物|688098,688098,annual_report,申联生物医药（上海）股份有限公司2024年年度报告,2025-04-30,2024,,医药制造业,zh,CNY,上海证券交易所,科创板,A股,医药生物,医药制造,true,/media/main/lgd/llm/PDFCrawl/output/top10_industries_2024_20each/manifest.csv,/media/main/lgd/llm/PDFCrawl/output/top10_industries_2024_20each/pdfs/688098/2024/688098_2024_20250430.pdf,https://www.sse.com.cn/disclosure/listedinfo/announcement/c/new/2025-04-30/688098_20250430_NS0V.pdf
688111_2024_20250320,金山办公,金山办公|688111,688111,annual_report,金山办公2024年年度报告,2025-03-20,2024,,软件和信息技术服务业,zh,CNY,上海证券交易所,科创板,A股,信息技术,软件服务,true,/media/main/lgd/llm/PDFCrawl/output/top10_industries_2024_20each/manifest.csv,/media/main/lgd/llm/PDFCrawl/output/top10_industries_2024_20each/pdfs/688111/2024/688111_2024_20250320.pdf,https://www.sse.com.cn/disclosure/listedinfo/announcement/c/new/2025-03-20/688111_20250320_899M.pdf
688117_2024_20250425,圣诺生物,圣诺生物|688117,688117,annual_report,2024年年度报告,2025-04-25,2024,,医药制造业,zh,CNY,上海证券交易所,科创板,A股,医药生物,医药制造,true,/media/main/lgd/llm/PDFCrawl/output/top10_industries_2024_20each/manifest.csv,/media/main/lgd/llm/PDFCrawl/output/top10_industries_2024_20each/pdfs/688117/2024/688117_2024_20250425.pdf,https://www.sse.com.cn/disclosure/listedinfo/announcement/c/new/2025-04-25/688117_20250425_PLQS.pdf
688120_2024_20250429,华海清科,华海清科|688120,688120,annual_report,2024年年度报告,2025-04-29,2024,,专用设备制造业,zh,CNY,上海证券交易所,科创板,A股,专用设备制造业,专用设备制造业,true,/media/main/lgd/llm/PDFCrawl/output/top10_industries_2024_20each/manifest.csv,/media/main/lgd/llm/PDFCrawl/output/top10_industries_2024_20each/pdfs/688120/2024/688120_2024_20250429.pdf,https://www.sse.com.cn/disclosure/listedinfo/announcement/c/new/2025-04-29/688120_20250429_Z8LC.pdf
688132_2024_20250410,邦彦技术,邦彦技术|688132,688132,annual_report,2024年年度报告,2025-04-10,2024,,计算机、通信和其他电子设备制造业,zh,CNY,上海证券交易所,科创板,A股,电子,电子制造,true,/media/main/lgd/llm/PDFCrawl/output/top10_industries_2024_20each/manifest.csv,/media/main/lgd/llm/PDFCrawl/output/top10_industries_2024_20each/pdfs/688132/2024/688132_2024_20250410.pdf,https://www.sse.com.cn/disclosure/listedinfo/announcement/c/new/2025-04-10/688132_20250410_1ELY.pdf
688136_2024_20250411,科兴制药,科兴制药|688136,688136,annual_report,2024年年度报告,2025-04-11,2024,,医药制造业,zh,CNY,上海证券交易所,科创板,A股,医药生物,医药制造,true,/media/main/lgd/llm/PDFCrawl/output/top10_industries_2024_20each/manifest.csv,/media/main/lgd/llm/PDFCrawl/output/top10_industries_2024_20each/pdfs/688136/2024/688136_2024_20250411.pdf,https://www.sse.com.cn/disclosure/listedinfo/announcement/c/new/2025-04-11/688136_20250411_IXF9.pdf
688139_2024_20250329,海尔生物,海尔生物|688139,688139,annual_report,海尔生物2024年年度报告,2025-03-29,2024,,专用设备制造业,zh,CNY,上海证券交易所,科创板,A股,专用设备制造业,专用设备制造业,true,/media/main/lgd/llm/PDFCrawl/output/top10_industries_2024_20each/manifest.csv,/media/main/lgd/llm/PDFCrawl/output/top10_industries_2024_20each/pdfs/688139/2024/688139_2024_20250329.pdf,https://www.sse.com.cn/disclosure/listedinfo/announcement/c/new/2025-03-29/688139_20250329_0F44.pdf
688147_2024_20250426,微导纳米,微导纳米|688147,688147,annual_report,江苏微导纳米科技股份有限公司2024年年度报告,2025-04-26,2024,,专用设备制造业,zh,CNY,上海证券交易所,科创板,A股,专用设备制造业,专用设备制造业,true,/media/main/lgd/llm/PDFCrawl/output/top10_industries_2024_20each/manifest.csv,/media/main/lgd/llm/PDFCrawl/output/top10_industries_2024_20each/pdfs/688147/2024/688147_2024_20250426.pdf,https://www.sse.com.cn/disclosure/listedinfo/announcement/c/new/2025-04-26/688147_20250426_JI8D.pdf
688159_2024_20250430,有方科技,有方科技|688159,688159,annual_report,有方科技：2024年年度报告,2025-04-30,2024,,计算机、通信和其他电子设备制造业,zh,CNY,上海证券交易所,科创板,A股,电子,电子制造,true,/media/main/lgd/llm/PDFCrawl/output/top10_industries_2024_20each/manifest.csv,/media/main/lgd/llm/PDFCrawl/output/top10_industries_2024_20each/pdfs/688159/2024/688159_2024_20250430.pdf,https://www.sse.com.cn/disclosure/listedinfo/announcement/c/new/2025-04-30/688159_20250430_KOX6.pdf
688166_2024_20250403,博瑞医药,博瑞医药|688166,688166,annual_report,2024年年度报告,2025-04-03,2024,,医药制造业,zh,CNY,上海证券交易所,科创板,A股,医药生物,医药制造,true,/media/main/lgd/llm/PDFCrawl/output/top10_industries_2024_20each/manifest.csv,/media/main/lgd/llm/PDFCrawl/output/top10_industries_2024_20each/pdfs/688166/2024/688166_2024_20250403.pdf,https://www.sse.com.cn/disclosure/listedinfo/announcement/c/new/2025-04-03/688166_20250403_EYWZ.pdf
688167_2024_20250426,炬光科技,炬光科技|688167,688167,annual_report,西安炬光科技股份有限公司2024年年度报告,2025-04-26,2024,,计算机、通信和其他电子设备制造业,zh,CNY,上海证券交易所,科创板,A股,电子,电子制造,true,/media/main/lgd/llm/PDFCrawl/output/top10_industries_2024_20each/manifest.csv,/media/main/lgd/llm/PDFCrawl/output/top10_industries_2024_20each/pdfs/688167/2024/688167_2024_20250426.pdf,https://www.sse.com.cn/disclosure/listedinfo/announcement/c/new/2025-04-26/688167_20250426_E68J.pdf
688171_2024_20250430,纬德信息,纬德信息|688171,688171,annual_report,2024年年度报告,2025-04-30,2024,,软件和信息技术服务业,zh,CNY,上海证券交易所,科创板,A股,信息技术,软件服务,true,/media/main/lgd/llm/PDFCrawl/output/top10_industries_2024_20each/manifest.csv,/media/main/lgd/llm/PDFCrawl/output/top10_industries_2024_20each/pdfs/688171/2024/688171_2024_20250430.pdf,https://www.sse.com.cn/disclosure/listedinfo/announcement/c/new/2025-04-30/688171_20250430_G4WH.pdf
688172_2024_20250426,燕东微,燕东微|688172,688172,annual_report,2024年年度报告,2025-04-26,2024,,计算机、通信和其他电子设备制造业,zh,CNY,上海证券交易所,科创板,A股,电子,电子制造,true,/media/main/lgd/llm/PDFCrawl/output/top10_industries_2024_20each/manifest.csv,/media/main/lgd/llm/PDFCrawl/output/top10_industries_2024_20each/pdfs/688172/2024/688172_2024_20250426.pdf,https://www.sse.com.cn/disclosure/listedinfo/announcement/c/new/2025-04-26/688172_20250426_IYCN.pdf
688192_2024_20250430,迪哲医药,迪哲医药|688192,688192,annual_report,迪哲医药：2024年年度报告,2025-04-30,2024,,医药制造业,zh,CNY,上海证券交易所,科创板,A股,医药生物,医药制造,true,/media/main/lgd/llm/PDFCrawl/output/top10_industries_2024_20each/manifest.csv,/media/main/lgd/llm/PDFCrawl/output/top10_industries_2024_20each/pdfs/688192/2024/688192_2024_20250430.pdf,https://www.sse.com.cn/disclosure/listedinfo/announcement/c/new/2025-04-30/688192_20250430_IVEQ.pdf
688229_2024_20250426,博睿数据,博睿数据|688229,688229,annual_report,2024年年度报告,2025-04-26,2024,,软件和信息技术服务业,zh,CNY,上海证券交易所,科创板,A股,信息技术,软件服务,true,/media/main/lgd/llm/PDFCrawl/output/top10_industries_2024_20each/manifest.csv,/media/main/lgd/llm/PDFCrawl/output/top10_industries_2024_20each/pdfs/688229/2024/688229_2024_20250426.pdf,https://www.sse.com.cn/disclosure/listedinfo/announcement/c/new/2025-04-26/688229_20250426_9WVM.pdf
688252_2024_20250327,天德钰,天德钰|688252,688252,annual_report,深圳天德钰科技股份有限公司2024年年度报告,2025-03-27,2024,,软件和信息技术服务业,zh,CNY,上海证券交易所,科创板,A股,信息技术,软件服务,true,/media/main/lgd/llm/PDFCrawl/output/top10_industries_2024_20each/manifest.csv,/media/main/lgd/llm/PDFCrawl/output/top10_industries_2024_20each/pdfs/688252/2024/688252_2024_20250327.pdf,https://www.sse.com.cn/disclosure/listedinfo/announcement/c/new/2025-03-27/688252_20250327_OZ08.pdf
688286_2024_20250426,敏芯股份,敏芯股份|688286,688286,annual_report,苏州敏芯微电子技术股份有限公司2024年年度报告全文,2025-04-26,2024,,计算机、通信和其他电子设备制造业,zh,CNY,上海证券交易所,科创板,A股,电子,电子制造,true,/media/main/lgd/llm/PDFCrawl/output/top10_industries_2024_20each/manifest.csv,/media/main/lgd/llm/PDFCrawl/output/top10_industries_2024_20each/pdfs/688286/2024/688286_2024_20250426.pdf,https://www.sse.com.cn/disclosure/listedinfo/announcement/c/new/2025-04-26/688286_20250426_OHPZ.pdf
688289_2024_20250429,圣湘生物,圣湘生物|688289,688289,annual_report,圣湘生物科技股份有限公司2024年年度报告全文,2025-04-29,2024,,医药制造业,zh,CNY,上海证券交易所,科创板,A股,医药生物,医药制造,true,/media/main/lgd/llm/PDFCrawl/output/top10_industries_2024_20each/manifest.csv,/media/main/lgd/llm/PDFCrawl/output/top10_industries_2024_20each/pdfs/688289/2024/688289_2024_20250429.pdf,https://www.sse.com.cn/disclosure/listedinfo/announcement/c/new/2025-04-29/688289_20250429_PC7S.pdf
688314_2024_20250328,康拓医疗,康拓医疗|688314,688314,annual_report,西安康拓医疗技术股份有限公司2024年年度报告,2025-03-28,2024,,专用设备制造业,zh,CNY,上海证券交易所,科创板,A股,专用设备制造业,专用设备制造业,true,/media/main/lgd/llm/PDFCrawl/output/top10_industries_2024_20each/manifest.csv,/media/main/lgd/llm/PDFCrawl/output/top10_industries_2024_20each/pdfs/688314/2024/688314_2024_20250328.pdf,https://www.sse.com.cn/disclosure/listedinfo/announcement/c/new/2025-03-28/688314_20250328_5FWI.pdf
688325_2024_20250410,赛微微电,赛微微电|688325,688325,annual_report,2024年年度报告,2025-04-10,2024,,软件和信息技术服务业,zh,CNY,上海证券交易所,科创板,A股,信息技术,软件服务,true,/media/main/lgd/llm/PDFCrawl/output/top10_industries_2024_20each/manifest.csv,/media/main/lgd/llm/PDFCrawl/output/top10_industries_2024_20each/pdfs/688325/2024/688325_2024_20250410.pdf,https://www.sse.com.cn/disclosure/listedinfo/announcement/c/new/2025-04-10/688325_20250410_9RZR.pdf
688331_2024_20250328,荣昌生物,荣昌生物|688331,688331,annual_report,荣昌生物2024年年度报告,2025-03-28,2024,,医药制造业,zh,CNY,上海证券交易所,科创板,A股,医药生物,医药制造,true,/media/main/lgd/llm/PDFCrawl/output/top10_industries_2024_20each/manifest.csv,/media/main/lgd/llm/PDFCrawl/output/top10_industries_2024_20each/pdfs/688331/2024/688331_2024_20250328.pdf,https://www.sse.com.cn/disclosure/listedinfo/announcement/c/new/2025-03-28/688331_20250328_NB0K.pdf
688356_2024_20250429,键凯科技,键凯科技|688356,688356,annual_report,2024年年度报告,2025-04-29,2024,,化学原料和化学制品制造业,zh,CNY,上海证券交易所,科创板,A股,化学原料和化学制品制造业,化学原料和化学制品制造业,true,/media/main/lgd/llm/PDFCrawl/output/top10_industries_2024_20each/manifest.csv,/media/main/lgd/llm/PDFCrawl/output/top10_industries_2024_20each/pdfs/688356/2024/688356_2024_20250429.pdf,https://www.sse.com.cn/disclosure/listedinfo/announcement/c/new/2025-04-29/688356_20250429_YNA1.pdf
688373_2024_20250318,盟科药业,盟科药业|688373,688373,annual_report,上海盟科药业股份有限公司2024年年度报告,2025-03-18,2024,,医药制造业,zh,CNY,上海证券交易所,科创板,A股,医药生物,医药制造,true,/media/main/lgd/llm/PDFCrawl/output/top10_industries_2024_20each/manifest.csv,/media/main/lgd/llm/PDFCrawl/output/top10_industries_2024_20each/pdfs/688373/2024/688373_2024_20250318.pdf,https://www.sse.com.cn/disclosure/listedinfo/announcement/c/new/2025-03-18/688373_20250318_F8PY.pdf
688416_2024_20250426,恒烁股份,恒烁股份|688416,688416,annual_report,2024年年度报告,2025-04-26,2024,,计算机、通信和其他电子设备制造业,zh,CNY,上海证券交易所,科创板,A股,电子,电子制造,true,/media/main/lgd/llm/PDFCrawl/output/top10_industries_2024_20each/manifest.csv,/media/main/lgd/llm/PDFCrawl/output/top10_industries_2024_20each/pdfs/688416/2024/688416_2024_20250426.pdf,https://www.sse.com.cn/disclosure/listedinfo/announcement/c/new/2025-04-26/688416_20250426_8RYN.pdf
688521_2024_20250426,芯原股份,芯原股份|688521,688521,annual_report,2024年年度报告,2025-04-26,2024,,软件和信息技术服务业,zh,CNY,上海证券交易所,科创板,A股,信息技术,软件服务,true,/media/main/lgd/llm/PDFCrawl/output/top10_industries_2024_20each/manifest.csv,/media/main/lgd/llm/PDFCrawl/output/top10_industries_2024_20each/pdfs/688521/2024/688521_2024_20250426.pdf,https://www.sse.com.cn/disclosure/listedinfo/announcement/c/new/2025-04-26/688521_20250426_JH1N.pdf
688533_2024_20250430,上声电子,上声电子|688533,688533,annual_report,苏州上声电子股份有限公司2024年年度报告,2025-04-30,2024,,计算机、通信和其他电子设备制造业,zh,CNY,上海证券交易所,科创板,A股,电子,电子制造,true,/media/main/lgd/llm/PDFCrawl/output/top10_industries_2024_20each/manifest.csv,/media/main/lgd/llm/PDFCrawl/output/top10_industries_2024_20each/pdfs/688533/2024/688533_2024_20250430.pdf,https://www.sse.com.cn/disclosure/listedinfo/announcement/c/new/2025-04-30/688533_20250430_D669.pdf
688538_2024_20250329,和辉光电,和辉光电|688538,688538,annual_report,上海和辉光电股份有限公司2024年年度报告,2025-03-29,2024,,计算机、通信和其他电子设备制造业,zh,CNY,上海证券交易所,科创板,A股,电子,电子制造,true,/media/main/lgd/llm/PDFCrawl/output/top10_industries_2024_20each/manifest.csv,/media/main/lgd/llm/PDFCrawl/output/top10_industries_2024_20each/pdfs/688538/2024/688538_2024_20250329.pdf,https://www.sse.com.cn/disclosure/listedinfo/announcement/c/new/2025-03-29/688538_20250329_6TIM.pdf
688539_2024_20250419,高华科技,高华科技|688539,688539,annual_report,高华科技2024年年度报告,2025-04-19,2024,,计算机、通信和其他电子设备制造业,zh,CNY,上海证券交易所,科创板,A股,电子,电子制造,true,/media/main/lgd/llm/PDFCrawl/output/top10_industries_2024_20each/manifest.csv,/media/main/lgd/llm/PDFCrawl/output/top10_industries_2024_20each/pdfs/688539/2024/688539_2024_20250419.pdf,https://www.sse.com.cn/disclosure/listedinfo/announcement/c/new/2025-04-19/688539_20250419_XUBP.pdf
688556_2024_20250429,高测股份,高测股份|688556,688556,annual_report,2024年年度报告,2025-04-29,2024,,专用设备制造业,zh,CNY,上海证券交易所,科创板,A股,专用设备制造业,专用设备制造业,true,/media/main/lgd/llm/PDFCrawl/output/top10_industries_2024_20each/manifest.csv,/media/main/lgd/llm/PDFCrawl/output/top10_industries_2024_20each/pdfs/688556/2024/688556_2024_20250429.pdf,https://www.sse.com.cn/disclosure/listedinfo/announcement/c/new/2025-04-29/688556_20250429_8OYR.pdf
688581_2024_20250423,安杰思,安杰思|688581,688581,annual_report,安杰思2024年年度报告,2025-04-23,2024,,专用设备制造业,zh,CNY,上海证券交易所,科创板,A股,专用设备制造业,专用设备制造业,true,/media/main/lgd/llm/PDFCrawl/output/top10_industries_2024_20each/manifest.csv,/media/main/lgd/llm/PDFCrawl/output/top10_industries_2024_20each/pdfs/688581/2024/688581_2024_20250423.pdf,https://www.sse.com.cn/disclosure/listedinfo/announcement/c/new/2025-04-23/688581_20250423_3UP1.pdf
688612_2024_20250426,威迈斯,威迈斯|688612,688612,annual_report,2024年年度报告,2025-04-26,2024,,汽车制造业,zh,CNY,上海证券交易所,科创板,A股,汽车,汽车零部件,true,/media/main/lgd/llm/PDFCrawl/output/top10_industries_2024_20each/manifest.csv,/media/main/lgd/llm/PDFCrawl/output/top10_industries_2024_20each/pdfs/688612/2024/688612_2024_20250426.pdf,https://www.sse.com.cn/disclosure/listedinfo/announcement/c/new/2025-04-26/688612_20250426_RXVW.pdf
688618_2024_20250430,三旺通信,三旺通信|688618,688618,annual_report,深圳市三旺通信股份有限公司2024年年度报告,2025-04-30,2024,,计算机、通信和其他电子设备制造业,zh,CNY,上海证券交易所,科创板,A股,电子,电子制造,true,/media/main/lgd/llm/PDFCrawl/output/top10_industries_2024_20each/manifest.csv,/media/main/lgd/llm/PDFCrawl/output/top10_industries_2024_20each/pdfs/688618/2024/688618_2024_20250430.pdf,https://www.sse.com.cn/disclosure/listedinfo/announcement/c/new/2025-04-30/688618_20250430_I9JI.pdf
688646_2024_20250430,逸飞激光,逸飞激光|688646,688646,annual_report,逸飞激光2024年年度报告,2025-04-30,2024,,专用设备制造业,zh,CNY,上海证券交易所,科创板,A股,专用设备制造业,专用设备制造业,true,/media/main/lgd/llm/PDFCrawl/output/top10_industries_2024_20each/manifest.csv,/media/main/lgd/llm/PDFCrawl/output/top10_industries_2024_20each/pdfs/688646/2024/688646_2024_20250430.pdf,https://www.sse.com.cn/disclosure/listedinfo/announcement/c/new/2025-04-30/688646_20250430_O7SJ.pdf
688651_2024_20250429,盛邦安全,盛邦安全|688651,688651,annual_report,2024年年度报告,2025-04-29,2024,,软件和信息技术服务业,zh,CNY,上海证券交易所,科创板,A股,信息技术,软件服务,true,/media/main/lgd/llm/PDFCrawl/output/top10_industries_2024_20each/manifest.csv,/media/main/lgd/llm/PDFCrawl/output/top10_industries_2024_20each/pdfs/688651/2024/688651_2024_20250429.pdf,https://www.sse.com.cn/disclosure/listedinfo/announcement/c/new/2025-04-29/688651_20250429_S8XA.pdf
688658_2024_20250315,悦康药业,悦康药业|688658,688658,annual_report,2024年年度报告,2025-03-15,2024,,医药制造业,zh,CNY,上海证券交易所,科创板,A股,医药生物,医药制造,true,/media/main/lgd/llm/PDFCrawl/output/top10_industries_2024_20each/manifest.csv,/media/main/lgd/llm/PDFCrawl/output/top10_industries_2024_20each/pdfs/688658/2024/688658_2024_20250315.pdf,https://www.sse.com.cn/disclosure/listedinfo/announcement/c/new/2025-03-15/688658_20250315_XGUE.pdf
688659_2024_20250429,元琛科技,元琛科技|688659,688659,annual_report,2024年年度报告,2025-04-29,2024,,化学原料和化学制品制造业,zh,CNY,上海证券交易所,科创板,A股,化学原料和化学制品制造业,化学原料和化学制品制造业,true,/media/main/lgd/llm/PDFCrawl/output/top10_industries_2024_20each/manifest.csv,/media/main/lgd/llm/PDFCrawl/output/top10_industries_2024_20each/pdfs/688659/2024/688659_2024_20250429.pdf,https://www.sse.com.cn/disclosure/listedinfo/announcement/c/new/2025-04-29/688659_20250429_E10H.pdf
688677_2024_20250425,海泰新光,海泰新光|688677,688677,annual_report,海泰新光2024年年度报告,2025-04-25,2024,,专用设备制造业,zh,CNY,上海证券交易所,科创板,A股,专用设备制造业,专用设备制造业,true,/media/main/lgd/llm/PDFCrawl/output/top10_industries_2024_20each/manifest.csv,/media/main/lgd/llm/PDFCrawl/output/top10_industries_2024_20each/pdfs/688677/2024/688677_2024_20250425.pdf,https://www.sse.com.cn/disclosure/listedinfo/announcement/c/new/2025-04-25/688677_20250425_Q0I2.pdf
688691_2024_20250428,灿芯股份,灿芯股份|688691,688691,annual_report,2024年年度报告,2025-04-28,2024,,软件和信息技术服务业,zh,CNY,上海证券交易所,科创板,A股,信息技术,软件服务,true,/media/main/lgd/llm/PDFCrawl/output/top10_industries_2024_20each/manifest.csv,/media/main/lgd/llm/PDFCrawl/output/top10_industries_2024_20each/pdfs/688691/2024/688691_2024_20250428.pdf,https://www.sse.com.cn/disclosure/listedinfo/announcement/c/new/2025-04-28/688691_20250428_23C9.pdf
688692_2024_20250415,达梦数据,达梦数据|688692,688692,annual_report,2024年年度报告,2025-04-15,2024,,软件和信息技术服务业,zh,CNY,上海证券交易所,科创板,A股,信息技术,软件服务,true,/media/main/lgd/llm/PDFCrawl/output/top10_industries_2024_20each/manifest.csv,/media/main/lgd/llm/PDFCrawl/output/top10_industries_2024_20each/pdfs/688692/2024/688692_2024_20250415.pdf,https://www.sse.com.cn/disclosure/listedinfo/announcement/c/new/2025-04-15/688692_20250415_LKHL.pdf
688707_2024_20250426,振华新材,振华新材|688707,688707,annual_report,2024年年度报告,2025-04-26,2024,,计算机、通信和其他电子设备制造业,zh,CNY,上海证券交易所,科创板,A股,电子,电子制造,true,/media/main/lgd/llm/PDFCrawl/output/top10_industries_2024_20each/manifest.csv,/media/main/lgd/llm/PDFCrawl/output/top10_industries_2024_20each/pdfs/688707/2024/688707_2024_20250426.pdf,https://www.sse.com.cn/disclosure/listedinfo/announcement/c/new/2025-04-26/688707_20250426_60HN.pdf
688758_2024_20250429,赛分科技,赛分科技|688758,688758,annual_report,苏州赛分科技股份有限公司2024年年度报告,2025-04-29,2024,,化学原料和化学制品制造业,zh,CNY,上海证券交易所,科创板,A股,化学原料和化学制品制造业,化学原料和化学制品制造业,true,/media/main/lgd/llm/PDFCrawl/output/top10_industries_2024_20each/manifest.csv,/media/main/lgd/llm/PDFCrawl/output/top10_industries_2024_20each/pdfs/688758/2024/688758_2024_20250429.pdf,https://www.sse.com.cn/disclosure/listedinfo/announcement/c/new/2025-04-29/688758_20250429_043M.pdf
